生,"あさ,いき,いく,いけ,うぶ,うまい,え,おい,ぎゅう,くるみ,ごせ,さ,じょう,すぎ,そ,そう,ちる,なば,にう,にゅう,ふ,み,もう,よい,りゅう"
順,"じゅん,あや,あり,おき,おさむ,しげ,したがう,とし,なお,のぶ,のり,まさ,むね,もと,ゆき,よし,より"
理,"り,あや,おさむ,さと,さとる,ただ,ただし,とおる,に,のり,ひ,まこと,まさ,まさし,まろ,みち,よし"
和,"かず,わ,あい,いず,かつ,かづ,かつり,たけ,ち,とも,な,にぎ,まさ,やす,よし,より,わだこ,わっ"
真,"しん,ま,さな,さね,ただ,ただし,なお,のり,まあ,まこ,まさ,まっ,まど,まな,まゆ,みち,も"
大,"おお,だい,うふ,お,おう,た,たかし,とも,はじめ,ひろ,ひろし,まさ,まさる,もと,わ"
三,"さん,み,か,さ,ざ,さい,さえ,ざえ,さぶ,ざぶ,ぞ,そう,ただ,みつ,みん,も,や"
祥,"あき,あきら,さか,さき,さち,さむ,ただ,なか,なが,ひろ,まさ,やす,ゆき,よし"
幹,"みき,えだ,き,くる,たかし,つね,つよし,とも,まさ,み,もと,もとき,よし,より"
寿,"かず,じ,じゅう,すっ,すみ,とし,としかつ,なが,のぶ,のり,ひさ,ひさし,やす"
仁,"きみ,く,さと,じ,しのぶ,と,のり,ひと,ひとし,ひろ,まさ,まさし,やす,よし"
智,"とも,あきら,さと,さとい,さとし,さとる,じ,とし,とみ,のり,ひと,もと,よも"
海,"あ,あま,うな,うん,え,か,た,ひろ,ひろし,ぶ,まち,まま,み,め,わたる"
成,"あき,あきら,しげ,そん,たえ,なお,なり,なる,のり,ひら,まさ,よし,り"
東,"とう,あい,あがり,あずま,あづま,こち,さき,しの,とお,はる,ひが,もと"
一,"いち,かず,い,いっ,いる,かつ,かづ,てん,はじめ,ひ,ひとつ,まこと"
明,"あき,あきら,あけ,あす,きら,け,さや,さやか,とし,はる,み,め"
暢,"いたる,とうる,とおる,なが,のぶ,のぶる,のり,まさ,みつる,よう"
城,"いく,がき,き,ぐしく,ぐすく,くに,しき,すく,ぜい,たち,なり"
剛,"かた,ご,こう,たか,たけ,たけし,つよ,つよし,ひさ,まさ,よし"
宗,"そう,かず,し,そ,そお,たか,とし,のり,ひろ,むな,もと,よし"
哲,"てつ,あき,あきら,さと,さとし,さとる,てっ,てつん,のり,よし"
上,"うえ,あおい,あげ,い,か,かき,かず,かん,こう,のぼり,ほつ"
賢,"かた,さか,さと,さとし,たか,たて,のり,まこと,まさ,まさる"
愛,"あい,まな,あ,あし,え,かな,ちか,なる,めぐ,めぐみ,よし"
史,"あきら,あや,お,こ,ちか,とし,なか,のぶ,ひさ,ひと,ふみ"
亮,"りょう,あき,あきら,きょう,すけ,たすく,ふさ,まこと,よし"
日,"あ,あき,いる,く,くさ,こう,す,たち,に,にっ,につ,へ"
毅,"あつし,こわし,たけ,たけし,つよ,つよし,とし,はたす,み"
薫,"かおり,かおる,かほ,かほる,くに,しげ,にほ,のぶ,よし"
亨,"あき,あきら,とうる,とおる,とおるふ,なが,みち,ゆき"
斎,"さい,いつ,いつき,きよ,さえ,ただ,とき,ひとし,よし"
幸,"ゆき,こ,さき,さし,さっ,とも,ひろ,みゆき,ゆ,よし"
聡,"あき,あきら,さた,さと,さとし,さとる,とし,みのる"
之,"あき,いたる,くに,つな,のぶ,ひさ,ひで,ゆき,ゆみ"
央,"あきら,え,お,さと,ちか,てる,なか,ひさ,ひろ,や"
公,"あきら,き,きみ,きん,たか,ただし,とも,ひろ,まさ"
十,"い,か,ぎ,さ,し,そ,そう,ち,とう,ね,ま,る,わ"
功,"いさ,かつ,ぐう,くぬ,こと,つとむ,とし,のり,よし"
二,"ふた,おと,つぎ,つぐ,にい,は,ふ,ふだ,ふたつ,わ"
樹,"いつき,うえ,こ,じ,しげ,たちき,たつ,たつる,な"
英,"えい,あ,あい,え,すぐる,はな,ひ,ひで,よし,ら"
百,"お,ど,どう,なり,ひゃっ,ひゅく,も,もんど,ゆう"
神,"かん,か,かぐ,かな,かも,くま,こ,こは,だま,み"
敬,"け,たか,たかし,たけ,とし,のり,ひろ,ゆき,よし"
信,"し,しが,しな,しの,しぶ,とき,のび,のぶ,まこと"
泰,"たい,た,はす,ひろ,や,やす,やすし,ゆたか,よし"
昌,"まさ,あき,あきら,あつ,さかえ,すけ,まさし,よし"
彪,"あきら,かおる,たけ,たけき,たけし,つよし,とら"
聖,"きよ,さと,さとし,せ,たか,ただ,ひろ,まさ,み"
作,"くり,さか,さっ,づくり,とも,なお,はぎ,まさか"
健,"けん,かつ,たけ,たけし,たて,とし,やす,やすし"
誠,"せい,きよ,さと,しげ,とも,のぶ,ま,まこ,まさ"
祐,"ゆう,さち,すけ,たすく,ひろ,ひろし,まさ,よし"
合,"あう,あん,い,か,こう,ごお,に,ね,や,わい"
周,"あまね,しゅ,す,ちか,のり,びび,ひろ,まこと"
清,"きよ,せい,あき,さや,し,すが,すみ,せ,ちん"
允,"すけ,ちか,とも,のぶ,まこと,まさ,みつ,よし"
豊,"とよ,て,で,と,ひろし,ふう,ぶん,ほ,ゆたか"
裕,"ひろ,ゆう,すけ,のり,ひろし,やす,ゆ,ゆたか"
啠,"あき,あきら,さと,さとし,さとる,のり,よし"
陽,"あき,よう,あきら,あけ,はる,ひろ,やん,よ"
水,"うず,ずみ,つ,ど,み,みさ,みつ,みな,みん"
孟,"おさ,たけ,たけし,つとむ,はい,はじめ,はる"
啓,"けい,あき,あきら,さとし,はじめ,ひろ,よし"
寛,"とも,のぶ,のり,ひろし,ひろん,ゆた,ゆたか"
平,"ひら,たいら,たら,はち,ひ,ひとし,へ,へん"
恵,"あや,け,さと,さとし,しげ,へい,み,やす"
越,"えち,えっ,お,こえ,ごえ,こし,ごし,ごや"
匡,"きよ,ただ,ただし,ひと,まさ,まさし,やす"
豪,"ご,こう,すぐる,たけ,たけし,ひで,まさる"
長,"なが,お,おしゃ,たかし,たけ,な,は,ひさ"
福,"ふく,とし,とみ,ふ,ふき,ふっ,ぼく,よし"
雅,"まさ,う,お,か,ただし,のり,まさし,よし"
淳,"あつ,あつし,きよ,きよし,すなお,まこと"
小,"お,こ,いさら,こう,さざ,しゃお,ちいさ"
師,"かず,つかさ,のし,のり,みつ,もと,もろ"
慶,"けい,き,きよん,け,みち,む,やす,よし"
谷,"たに,がい,がえ,がや,せ,たり,たん,や"
新,"あせ,あたらし,し,に,にっ,につ,よし"
靖,"おさむ,きよし,しず,のぶ,やす,やすし"
方,"から,な,なた,ふさ,まさ,みち,も,わ"
圭,"けい,か,かど,きよ,きよし,たま,よし"
尚,"たか,たかし,ないし,なり,ひさ,ひさし"
達,"たち,かつ,さと,て,てつ,とおる,みち"
光,"みつ,あき,あきら,こお,てる,ひこ,み"
阿,"あ,あず,あわ,おか,きた,な,ほとり"
暁,"あき,あきら,あけ,さと,さとる,てる"
天,"あま,あき,あも,た,たかし,て,なま"
石,"いし,いさ,いす,いわ,し,せっく,と"
出,"いず,いづ,いで,じ,すっ,すつ,てん"
紀,"おさむ,ただす,とし,とも,のり,もと"
蔵,"くらし,くらん,くろう,ざ,さし,ろう"
良,"じ,なが,まこと,よし,ら,りょ,ろう"
茂,"しげ,うむさ,き,し,つとむ,む,もて"
秀,"しゅう,ひで,しゅ,しょう,ひでし,ほ"
宣,"とおる,のぶ,のぼる,のり,ひさ,よし"
米,"は,べ,まべ,め,よ,よな,よの,よま"
輝,"あき,あきら,さき,てる,ひ,ひかる"
温,"あつ,あつし,なお,はる,ゆ,ゆたか"
有,"あり,あ,あら,ある,くに,なお,ゆ"
金,"かね,きん,かん,きむ,こ,この,ん"
栄,"さかえ,しげ,てる,なが,ひで,よし"
迫,"さこ,せ,せこ,はさ,はさま,はざま"
禎,"さだ,さち,ただし,とも,のり,よし"
知,"さと,さとる,しり,しれ,とも,のり"
田,"た,いなか,おか,たん,で,とう,や"
弘,"ひろ,お,こお,ひろし,ひろむ,みつ"
正,"まさ,おお,くに,ただし,ま,まさし"
芳,"よし,お,かおる,は,ほ,みち,やす"
安,"あ,あん,あ,あす,あず,あっ,や"
昂,"あき,あきら,たか,たかし,のぼる"
慧,"あきら,さと,さとし,さとる,とし"
惇,"あつ,あつし,つとむ,とし,まこと"
充,"あつ,のぶ,まさ,みち,みつ,よし"
行,"いく,なみ,なめ,みち,ゆき,ゆく"
碵,"いしずえ,せき,ひろ,みち,みつる"
承,"うけ,こと,すけ,つぎ,つぐ,よし"
誉,"え,たか,たけ,ほまれ,ほめ,ほん"
訓,"く,くに,くの,さとし,のり,ふみ"
康,"こう,やす,かん,こ,みち,やすし"
向,"こお,た,な,むか,むかい,むこう"
瀬,"せ,いわた,がせ,しげ,せい,せっ"
徳,"とく,あつ,なる,のり,ゆき,よし"
柳,"なぎ,や,やい,やぎ,やな,やない"
春,"はる,あずま,かす,すの,ひ,わら"
雄,"ゆう,かつ,たけ,つよし,ゆ,よう"
昭,"あき,あきら,かず,かずみ,てる"
晃,"あき,あきら,てる,ひかる,みつ"
皓,"あき,あきら,てる,ひろ,ひろし"
睦,"あつ,ちか,む,むつ,むね,よし"
郁,"あや,い,か,かおる,ふみ,ゆう"
泉,"いず,ずい,ずみ,ぜい,ぜん,の"
九,"いちじく,いちのく,この,ひさし"
吉,"え,き,きっ,きる,こし,と,よ"
渡,"お,たり,わたな,わたら,わたり"
将,"かつ,かつり,すすむ,たか,ゆき"
湛,"かん,きよ,たたう,たたえ,やす"
喜,"き,あき,きゅ,のぶ,ゆき,よし"
久,"く,ひさ,きゅ,なが,ひさし,わ"
晋,"くに,すすみ,すすむ,のぶ,ゆき"
浩,"こう,ひろ,こお,ひろし,ゆたか"
修,"しゅう,おき,おさむ,なが,のぶ"
是,"すなお,ただし,つな,ゆき,よし"
武,"たけ,う,お,たけし,たけん,ん"
忠,"ただ,きよし,たた,ただし,なお"
稔,"とし,なり,なる,ね,み,みのる"
永,"なが,え,と,のり,ひさ,ひさし"
晶,"あ,あき,あきら,ひかり,まさ"
玲,"あき,あきら,たま,りょう,れ"
嗣,"あき,つかさ,つぎ,つぐ,ひで"
茨,"あし,えばら,ばら,まつ,まん"
惣,"あしむ,おさむ,そ,ふさ,みち"
敦,"あつ,あつし,つる,のぶ,のり"
伊,"い,いと,これ,だ,ただ,よし"
郎,"いら,お,とう,もん,ろ,ろお"
保,"う,お,ぶ,もり,やす,やすし"
峻,"おか,たか,たかし,ちか,とし"
脩,"おさ,おさむ,なが,のぶ,はる"
馨,"か,かおる,かほる,きよ,よし"
葛,"か,かず,かずら,かっ,かつら"
頭,"かみ,がみ,ちゃん,づ,つむり"
恭,"きよ,やす,やすし,ゆき,よし"
群,"ぐ,ぐり,ごうり,こお,こおり"
維,"これ,たもつ,つぐ,ゆい,ゆき"
目,"さかん,さがん,さっか,さつか"
慎,"しん,ちか,のり,まこと,みつ"
甫,"すけ,とし,なみ,はじめ,よし"
高,"たか,か,こ,じょい,た,はか"
悌,"ちか,とも,やす,やすし,よし"
元,"ちか,はじめ,はる,ゆき,よし"
利,"とし,かが,と,のり,み,りい"
倫,"とも,のり,ひとし,ひろ,みち"
道,"みち,おさむ,さ,じ,ど,みつ"
南,"みなみ,なみ,は,みな,みまみ"
相,"あ,い,おう,さ,さが,すけ"
瑛,"あき,あきら,え,てる,よう"
純,"あつ,すみ,み,やすし,よし"
礼,"あや,なり,のり,ひろし,れ"
五,"い,さ,さつ,ち,ふ,み,め"
伯,"いき,えき,か,き,は,ひろ"
迪,"いたる,すすみ,すすむ,ゆう"
積,"か,さか,しゃこ,ずみ,つみ"
哉,"か,すけ,ちか,とし,はじめ"
壽,"かず,じ,とし,ひさ,ひさし"
嘉,"かず,ひろ,よ,よし,よしみ"
貴,"ぎ,きよ,たか,たかし,よし"
北,"きた,きら,ほう,ほっ,ほつ"
洸,"たけし,ひかり,ひろ,ひろし"
立,"たち,たっ,たつ,だて,つい"
亘,"とうる,のぶ,ひさし,わたる"
洋,"なだ,ひろ,ひろし,よ,よし"
八,"や,な,は,はっ,やち,やつ"
朝,"あ,あそ,ささ,ちか,とも"
朗,"あき,あきら,お,さえ,ろ"
征,"いく,そ,ただ,まさ,ゆき"
厳,"いつ,いづ,きゅうら,とし"
邑,"お,おう,おお,くに,さと"
月,"おと,がっ,す,ずき,もり"
香,"か,こ,こお,ひゃん,よし"
宜,"き,たか,のぶ,のり,よし"
陸,"くが,たち,みち,む,むつ"
眞,"さな,ち,まこ,まさ,まつ"
駿,"する,とし,はやお,はやし"
享,"たか,たかし,とおる,みち"
登,"たか,のぼし,のぼり,のり"
卓,"たく,すぐる,たか,たかし"
常,"つね,とき,のぶ,ひ,ひた"
円,"つぶら,のぶ,まどか,みつ"
通,"どうし,どおり,とん,みち"
松,"まつ,おお,しょ,ま,まっ"
美,"み,はる,よし,よしみ,り"
章,"あき,あきら,あや,ふみ"
尭,"あき,たか,たかし,のり"
寧,"あき,やす,やすし,よし"
侑,"あつむ,すすむ,ゆ,ゆき"
子,"い,き,ぎ,く,け,ねっ"
角,"い,す,すみ,ずみ,ふさ"
宇,"いえ,たか,ひろ,ひろし"
入,"いり,いる,に,の,りり"
奥,"お,おお,おん,つ,のく"
臣,"おみ,たか,と,とみ,み"
甲,"かぶと,き,まさ,まさる"
都,"くに,ず,ち,づめ,みや"
宅,"け,たか,たけ,や,やけ"
恒,"こう,のぶ,ひさ,ひさし"
尊,"さだ,たか,たけ,みこと"
治,"し,ぢ,はり,はる,みち"
慈,"しげ,ちか,めぐみ,よし"
崇,"す,たか,たかし,たかむ"
規,"すのり,ただし,のり,み"
原,"た,ばる,ら,わた,わら"
孝,"たか,たかし,のり,よし"
斉,"ただ,なり,ひと,ひとし"
辰,"たつ,とき,のぶ,のぶる"
敏,"とし,さとし,ちょう,び"
稚,"まさ,わか,わく,わっか"
義,"よし,ただし,ちか,のり"
足,"あ,あす,おす,たらし"
旭,"あき,あきら,てる,ひ"
徹,"あき,つ,てっ,とおる"
家,"あり,え,く,つか,べ"
引,"いな,ひき,びき,ひけ"
面,"お,ずら,ほおつき,も"
沢,"おも,さ,さわん,わさ"
江,"くん,とうみ,み,りえ"
人,"じ,と,ね,ひこ,ふみ"
鎮,"しげ,しん,じん,ちか"
連,"ずれ,つれ,むらじ,れ"
仲,"ちゅん,つづき,なかつ"
築,"つい,つき,づき,つく"
直,"なお,すぐ,のう,のお"
西,"にし,いり,ひし,むら"
苗,"ねい,のら,みう,みつ"
展,"のぶ,のり,ひろ,ゆき"
至,"のぶ,のり,みち,よし"
波,"ひら,みな,みなみ,わ"
弥,"ひろ,みつ,よ,わたる"
藤,"ふじ,ぞう,と,ふじゅ"
満,"ま,みち,みつ,みつる"
宷,"あきら,さい,さだか"
彩,"あや,さ,さえ,つや"
指,"い,いぶ,さし,さす"
驍,"いさ,いさむ,すぐる"
内,"いと,ただ,ち,のち"
穂,"お,こう,のり,ほい"
鶴,"か,ず,たず,つ,づ"
賀,"か,のり,よし,より"
萬,"かず,ま,ゆる,よし"
勝,"かつ,かち,と,よし"
次,"き,すき,つぐ,よし"
澄,"きよ,すす,すみ,み"
六,"く,むつ,ろっ,ろつ"
来,"くり,くる,ごろ,さ"
好,"こ,たか,とし,よし"
彦,"こ,ひろ,やす,よし"
後,"こし,し,しい,しり"
笹,"さ,さき,じね,しの"
猿,"さ,ざる,さわ,まし"
貞,"さざ,ただし,りょう"
門,"じょう,と,も,ゆき"
志,"じん,べ,べし,ゆき"
能,"たか,の,のり,よし"
猛,"たけ,たけし,たける"
間,"ちか,は,はざ,はし"
富,"とみ,と,とん,ふっ"
中,"なか,あたる,かなえ"
弌,"はじめ,ひと,ひとつ"
博,"ひろ,ぐれ,と,はか"
山,"やま,さ,やの,やん"
朱,"あ,あか,あき,す"
碧,"あお,たま,みどり"
彬,"あき,あきら,よし"
鏡,"あき,かが,かがん"
諒,"あき,まこと,まさ"
卯,"あきら,い,しげる"
井,"い,いの,さい,ひ"
飯,"いい,い,いり,え"
威,"いさ,たけ,たけし"
稲,"いの,しね,せ,な"
遠,"お,おに,ど,どお"
種,"おい,くさ,た,ほ"
王,"おお,おおきみ,わ"
巨,"おお,か,こ,なお"
岳,"おか,たか,たけん"
興,"おき,おこっ,とも"
女,"おな,た,つき,な"
冠,"か,かっぷ,まさる"
巧,"かつ,たくみ,よし"
克,"かつ,まさる,よし"
川,"かわ,か,こ,さわ"
如,"き,ね,ゆき,よし"
玄,"けん,はる,はるか"
織,"こおり,こり,のり"
早,"さか,さわ,そ,わ"
重,"さね,しげ,しげる"
七,"し,しっ,な,ひち"
宿,"すく,ぶすき,やけ"
造,"ずくり,づくり,み"
輔,"すけ,たすく,ゆう"
済,"すむ,なり,わたる"
嵩,"たか,たかし,たけ"
矩,"ただし,つね,のり"
肇,"ただし,とし,はつ"
樋,"て,と,とよ,とわ"
流,"な,ながれ,めぐる"
胖,"なお,ひろ,ゆたか"
野,"の,ずけ,つけ,ぬ"
劉,"のぶ,みずち,らう"
祝,"のり,ほぎ,ゆわい"
宏,"ひろ,あつ,ひろし"
汎,"ひろ,ひろし,みな"
丸,"まる,ま,わ,わに"
村,"むら,え,むた,ら"
映,"あきら,え,てる"
錦,"あや,かね,にし"
府,"い,う,お,はん"
衛,"い,まもる,もり"
逸,"いっ,はや,へん"
占,"うら,しむ,じめ"
銀,"うん,かな,かね"
乃,"お,おさむ,のり"
夫,"お,と,ゆう,よ"
近,"おう,おお,この"
皇,"おうじ,おお,み"
太,"おお,たか,ひろ"
押,"おし,おす,おや"
首,"おびと,こべ,す"
匂,"おり,こう,さぎ"
開,"か,はる,ひらき"
胤,"かず,つぎ,つぐ"
憲,"かず,のり,よし"
容,"かた,ひろ,まさ"
樺,"かも,から,かん"
苅,"かり,かる,かん"
木,"き,ぐ,も,もと"
刀,"き,ち,と,わき"
切,"きつ,きり,ぎり"
啄,"くち,はし,ばし"
暮,"ぐらし,ぐれ,ぽ"
楽,"さ,た,やす,ら"
前,"さき,さと,まい"
實,"さな,さね,みつ"
滋,"し,しげ,しげる"
欣,"し,やすし,よし"
蕃,"しげ,しげる,ば"
珠,"す,とも,ま,み"
伻,"すき,すみ,とり"
傑,"すぐ,たけ,まさ"
淑,"すく,とし,よし"
佑,"すけ,たすく,ゆ"
虞,"すけ,もち,やす"
丹,"た,たみ,まこと"
馬,"た,ばん,め,も"
秦,"たい,はだ,やす"
隆,"たか,お,たかし"
延,"たか,のぶ,のべ"
建,"たけ,たつ,たて"
惟,"ただ,のぶ,よし"
司,"つ,つか,つかさ"
卋,"つぎ,つぐ,とき"
庸,"つね,のぶ,やす"
袋,"てい,ない,ぶく"
部,"とり,ふ,ぺ,ま"
撫,"なで,なでし,む"
凡,"なみ,ひろ,みな"
令,"のり,りょう,れ"
服,"はっ,はつ,はら"
源,"はら,みな,もと"
本,"ほん,ごう,まと"
蒔,"まい,まか,まき"
寄,"よせ,より,よろ"
怜,"れ,さと,さとし"
若,"わか,わく,わこ"
赤,"あ,あこ,あま"
庵,"あ,い,いほり"
粟,"あ,さっ,そう"
歩,"あ,ゆき,ゆみ"
白,"あき,か,はっ"
聰,"あきら,さとし"
侃,"あきら,ただし"
防,"あた,う,ほう"
肥,"い,こい,ひえ"
的,"いくは,ゆくは"
守,"う,し,て,も"
外,"うい,け,ふか"
詠,"うた,え,ええ"
嬉,"うらし,うれし"
売,"うり,うる,め"
老,"えび,おい,び"
応,"お,たか,まさ"
鳳,"おおとり,ふげ"
置,"おき,おけ,き"
凥,"おき,ぐ,すえ"
居,"おき,ぐ,すえ"
刑,"おさか,ぎょう"
桂,"か,かつ,よし"
競,"かい,わたなべ"
文,"かざり,ふ,も"
主,"かず,ず,もん"
万,"かず,ま,ゆる"
河,"かっ,こ,こう"
雲,"き,ずも,のめ"
玖,"き,たま,ひさ"
親,"ぎ,ちか,のり"
桐,"きり,き,ひさ"
穴,"けな,しし,な"
任,"さ,とう,ひで"
住,"し,じゅ,すみ"
力,"じから,つとむ"
階,"しな,と,はし"
菅,"す,すが,すご"
瑞,"ず,たま,みつ"
典,"すけ,つね,の"
拓,"たく,つ,ひろ"
千,"ち,かず,ゆき"
亜,"つぎ,つぐ,や"
土,"つく,は,ひじ"
世,"とし,ゆ,ゆき"
恆,"ひさし,わたる"
牧,"ま,まい,もく"
超,"まさる,わたる"
衞,"まもり,まもる"
勇,"ゆう,お,はや"
優,"ゆう,ゆ,よし"
我,"あ,あが,か"
麻,"あ,あざ,お"
四,"あ,つ,よつ"
県,"あがた,がた"
縣,"あがた,がた"
彰,"あき,あきら"
鑑,"あき,あきら"
顕,"あき,あきら"
現,"あきら,きら"
集,"あつまり,ず"
伍,"あつむ,くみ"
絢,"あや,じゅん"
綾,"あや,りょう"
洗,"あらい,らい"
蘭,"あららぎ,か"
磯,"いそ,し,そ"
格,"いたる,のり"
市,"いち,い,ち"
植,"うえ,え,げ"
殖,"うえ,え,げ"
空,"うつ,き,く"
計,"え,かず,け"
兄,"え,せ,よし"
宁,"えい,ちよう"
胡,"えびす,くる"
房,"お,のぶ,わ"
扇,"おう,おおぎ"
厡,"おか,はじめ"
煕,"おき,ひろし"
鳥,"か,と,とっ"
茄,"か,な,なす"
謙,"かね,ゆずる"
叶,"かの,かのう"
滑,"かり,なめり"
芸,"き,げ,なり"
萌,"きざし,もえ"
潔,"きよ,きよし"
車,"くら,くろま"
紫,"さい,ゆかり"
冴,"さえ,さえる"
坂,"さか,か,ざ"
廻,"ざこ,じゃく"
属,"さっか,つき"
識,"さと,さとる"
説,"さとし,とき"
詔,"さとし,のり"
解,"さとる,とけ"
敷,"しき,にゅう"
旉,"しき,にゅう"
穣,"しげ,みのる"
昇,"しゅう,のり"
鷲,"す,わ,わせ"
弼,"すけ,たすく"
喬,"たか,たかし"
陟,"たか,のぼる"
銘,"たか,み,め"
律,"たかし,のり"
岐,"たかし,また"
赳,"たけ,たけし"
督,"ただ,ただし"
端,"ただし,みず"
環,"たま,たまき"
續,"つぐ,つづき"
侊,"て.る,みつ"
独,"どいつ,どっ"
俊,"とし,すぐる"
泊,"とまり,はつ"
丈,"とも,ますら"
酉,"なが,みのる"
饒,"ぬう,の,よ"
希,"のぞ,のぞみ"
伸,"のぶ,よぼる"
孕,"はらみ,もと"
亀,"ひさ,ひさし"
欽,"ひとし,よし"
紘,"ひろ,ひろし"
麗,"ま,よし,り"
宮,"みや,ぐ,み"
饗,"あい,あえ"
逢,"あい,おう"
飽,"あき,あく"
且,"あき,かつ"
右,"あき,すけ"
飛,"あす,とび"
得,"あつ,てろ"
琢,"あや,たか"
存,"あり,まさ"
胆,"い,まこと"
分,"いた,わけ"
員,"いな,かず"
磐,"いわお,わ"
友,"う,ど,ゆ"
布,"う,の,ほ"
黄,"うい,れい"
総,"うさ,ずさ"
宴,"うた,やす"
幼,"うぶ,わか"
浴,"えき,さこ"
隠,"お,がくし"
玉,"おう,だん"
欧,"おお,ひろ"
園,"おん,ぞの"
勘,"か,さとる"
柏,"かい,かし"
各,"かか,かが"
鎌,"かた,かね"
議,"かた,のり"
髪,"がた,ひげ"
刈,"かっ,かり"
畑,"かま,まま"
唐,"かろ,たん"
酒,"き,さ,し"
妃,"き,ぴ,み"
基,"きい,とも"
実,"ぐみ,さね"
栗,"くる,りっ"
紅,"くれ,もみ"
葵,"け,まもる"
鉄,"けん,てっ"
芝,"こげ,しは"
込,"こみ,ごめ"
籠,"ごめ,もり"
操,"さお,みさ"
境,"さか,じき"
下,"さか,しと"
硲,"さこ,はざ"
省,"さとし,み"
色,"しか,しこ"
咸,"しげ,みな"
橲,"じさ,よし"
羽,"しゅう,ば"
翔,"しょう,か"
普,"しん,ひろ"
妹,"す,せ,も"
津,"ず,ち,と"
季,"すえ,とし"
附,"ずき,づけ"
資,"すけ,もと"
介,"すけ,ゆき"
紗,"すず,たえ"
詰,"ずめ,づめ"
摺,"ずり,する"
旋,"せ,めぐり"
芹,"せい,よし"
雪,"せっ,ぶき"
須,"ぞ,もとむ"
副,"そい,そえ"
添,"ぞい,そえ"
仙,"そま,のり"
就,"たか,なり"
学,"たか,のり"
竹,"たけ,たか"
全,"たけ,まさ"
政,"ただ,まさ"
灘,"だな,なん"
垂,"たる,だれ"
善,"たる,よし"
秩,"ちち,ちっ"
務,"つかさ,み"
筑,"づき,つく"
頌,"つぐ,のぶ"
経,"つね,のぶ"
貫,"つら,ぬく"
照,"てる,あき"
載,"とし,のり"
禄,"とし,よし"
呂,"とも,なが"
寅,"とも,のぶ"
奉,"とも,やす"
那,"とも,やす"
農,"な,の,み"
浪,"なに,なみ"
鳴,"なり,なる"
業,"なり,のぶ"
恱,"のぶ,よし"
教,"のり,ひさ"
統,"のり,むね"
儀,"のり,よし"
祈,"のり,れい"
榛,"はい,はる"
橋,"はし,ばせ"
林,"はやし,し"
張,"はり,わり"
晴,"はる,はれ"
曳,"ひき,びき"
勉,"ひこ,やつ"
備,"びっ,びん"
伏,"ふし,ふせ"
降,"ふり,ふる"
堀,"ほり,ほっ"
倭,"まさ,やす"
増,"まし,ます"
益,"まし,ます"
柵,"ませ,やな"
待,"まち,まつ"
厩,"まや,まら"
持,"もち,もつ"
意,"もと,よし"
森,"もり,もと"
艶,"もろ,よし"
焼,"やい,やき"
恷,"やす,よし"
結,"ゆい,ゆう"
領,"よう,よし"
佳,"よし,けい"
頼,"よち,より"
湧,"わき,わく"
吾,"あ,あが"
厚,"あ,あっ"
網,"あ,ずな"
会,"あい,い"
青,"あお,お"
浅,"あざ,さ"
遊,"あす,う"
蛇,"あぶ,み"
壱,"い,かず"
比,"い,ぴっ"
李,"い,もも"
砂,"いさ,ご"
今,"いま,な"
碓,"う,うす"
牛,"うじ,ご"
湖,"うみ,み"
榎,"え,えの"
頴,"え,かい"
枝,"え,ぐさ"
翁,"お,おな"
包,"お,かね"
及,"おい,の"
閑,"が,より"
柄,"から,ら"
材,"き,さい"
調,"ぎ,つぎ"
楠,"くず,な"
国,"くな,こ"
古,"こ,ふゆ"
咲,"さ,さき"
寒,"さ,さん"
佐,"さ,すけ"
舎,"さ,とり"
桜,"さ,ろう"
吏,"さと,し"
宍,"し,しん"
初,"し,はっ"
芽,"じ,めぐ"
栖,"す,すみ"
尋,"ず,つぐ"
寸,"す,みき"
塚,"ずか,つ"
邁,"すす.む"
妻,"ずま,め"
曇,"ずみ,ど"
膳,"ぜ,よし"
反,"そり,た"
顧,"たか,み"
匩,"ただ.す"
爾,"ちか,み"
殿,"て,どん"
勅,"て,のり"
時,"と,とぎ"
視,"とも,み"
与,"とも,ゆ"
難,"な,なに"
菜,"な,よう"
輪,"なわ,も"
幡,"は,わた"
蓉,"はす,よ"
荷,"はす,り"
花,"はな,わ"
萼,"はなぶさ"
民,"ひと,み"
宙,"ひろ,ゆ"
禮,"ひろ,れ"
船,"ふな,ふ"
倍,"べ,ます"
桃,"み,もの"
朏,"みかづき"
毛,"めん,も"
悦,"や,よし"
悠,"ゆう,ゆ"
杠,"ゆずりは"
依,"よ,より"
揚,"あがり"
耀,"あかる"
審,"あきら"
昶,"あきら"
熹,"あきら"
瞳,"あきら"
翠,"あきら"
融,"あきら"
莇,"あざみ"
渥,"あつし"
竺,"あつし"
余,"あまる"
風,"い,え"
幾,"い,く"
悳,"いさお"
勲,"いさむ"
忌,"いまわ"
腰,"うすぐ"
戸,"え,へ"
槐,"えんじ"
音,"お,と"
士,"お,ま"
邢,"おさか"
攻,"おさむ"
磨,"おさむ"
躍,"おどり"
筧,"かけい"
鬘,"かずら"
峡,"き,ば"
僑,"きゅう"
渙,"きよし"
楜,"くるみ"
弓,"こ,ゆ"
檱,"ごいし"
凍,"こおり"
筺,"こばこ"
頃,"ころも"
謝,"さ,ざ"
抄,"さ,り"
忢,"さとり"
了,"さとる"
學,"さとる"
佛,"さらぎ"
茅,"じ,ち"
己,"し,み"
靜,"しずか"
奏,"すすむ"
草,"そ,や"
夘,"たかき"
丘,"たかし"
巍,"たかし"
敞,"たかし"
皐,"たかし"
節,"たかし"
髞,"たかし"
用,"たから"
渠,"だかり"
壯,"たけし"
徤,"たけし"
鑪,"たたら"
刃,"ち,と"
盤,"ち,わ"
迩,"ちかし"
役,"ちゃく"
樗,"ちょう"
伝,"つたえ"
勔,"つとむ"
圓,"つぶら"
壮,"つよし"
彊,"つよし"
等,"と,ひ"
豆,"ど,ま"
透,"とおる"
驫,"とどろ"
濁,"にごり"
納,"の,ろ"
升,"のぼる"
敲,"のぼる"
番,"は,ま"
発,"ば,わ"
創,"はじめ"
筆,"はじめ"
走,"はしり"
放,"はなれ"
葬,"はふり"
払,"はらい"
秡,"はらい"
遼,"はるか"
龜,"ひさし"
均,"ひとし"
整,"ひとし"
齊,"ひとし"
缶,"ふ,べ"
缻,"ふ,べ"
罐,"ふ,べ"
峰,"ぶ,ほ"
瓶,"べ,ぺ"
委,"まかせ"
曲,"まがた"
勾,"まがり"
紳,"まこと"
訫,"まこと"
奨,"まさし"
將,"まさる"
望,"み,も"
諠,"みつぐ"
穰,"みのる"
迎,"むかえ"
恩,"めぐみ"
潤,"めぐみ"
萠,"めぐむ"
甕,"もたい"
罅,"もたい"
露,"や,ゆ"
譲,"ゆずり"
葉,"よ,わ"
粐,"よねど"
毓,"りゅう"
杏,"りょう"
杭,"わたる"
航,"わたる"
會,"あい"
秋,"あい"
鮎,"あい"
何,"あが"
商,"あき"
曄,"あき"
曉,"あき"
璃,"あき"
詮,"あき"
蝋,"あじ"
明日,"あす"
熱,"あた"
奄,"あま"
斐,"あや"
紋,"あや"
苑,"あや"
在,"あり"
徰,"いく"
池,"いけ"
勳,"いさ"
汐,"いそ"
潮,"いた"
檪,"いち"
櫟,"いち"
猪,"いの"
煎,"いり"
岩,"いわ"
植村,"うえ"
浮,"うき"
請,"うけ"
賦,"うた"
打,"うち"
槍,"うつ"
釆,"うね"
卜,"うら"
漆,"うる"
戎,"えび"
蛭,"えび"
笑,"えみ"
蝦,"えみ"
恵梨,"えり"
渉,"えん"
笈,"おい"
追,"おい"
岡,"おか"
阜,"おか"
忍,"おし"
排,"おし"
落,"おち"
峽,"かい"
飼,"かい"
垣,"がい"
替,"かえ"
書,"かき"
覺,"がく"
掛,"かけ"
景,"かげ"
笨,"がさ"
梶,"かじ"
糟,"かす"
量,"かず"
交,"かた"
像,"かた"
徒,"かち"
捷,"かつ"
兼,"かね"
懐,"かね"
炯,"かま"
侍,"かみ"
尻,"がみ"
模,"がみ"
耳,"がみ"
甘,"かも"
栢,"かや"
潟,"がら"
狩,"かり"
姜,"かん"
看,"かん"
給,"きい"
聴,"きく"
菊,"きく"
象,"きさ"
橘,"きっ"
紈,"きぬ"
被,"ぎぬ"
究,"きゅ"
廉,"きよ"
精,"きよ"
匀,"きん"
堅,"きん"
咋,"くい"
食,"ぐい"
釧,"くし"
屈,"くっ"
朽,"くつ"
州,"くに"
郷,"くに"
熊,"くま"
汲,"くみ"
掠,"ぐら"
椋,"ぐら"
繰,"くり"
患,"くろ"
黒,"くろ"
畔,"ぐろ"
岸,"けし"
鑷,"けぬ"
監,"けん"
耕,"こお"
社,"こそ"
圀,"こつ"
恖,"こと"
媚,"こび"
篭,"ごめ"
薦,"こも"
繆,"こら"
税,"さい"
雜,"さい"
岬,"さき"
鷽,"ざき"
雀,"ざく"
定,"さた"
札,"さっ"
薩,"さっ"
怱,"さと"
讃,"さぬ"
桘,"しい"
椎,"しい"
飾,"しか"
鋪,"しき"
喰,"じき"
鹿,"しし"
設,"した"
静,"しづ"
幣,"しで"
姿,"しな"
科,"しな"
級,"しな"
標,"しべ"
島,"しま"
釈,"しゃ"
数,"じゅ"
受,"じょ"
沈,"しん"
珍,"じん"
氷,"すい"
管,"すが"
杉,"すぎ"
句,"すく"
丞,"すけ"
賃,"すけ"
總,"ずさ"
鐸,"すず"
強,"すね"
墨,"すの"
瀦,"ずま"
棲,"ずみ"
折,"せき"
関,"せき"
摂,"せっ"
襲,"そい"
位,"ぞき"
彼,"その"
薗,"ぞの"
染,"そめ"
嵐,"ぞれ"
当,"たい"
炬,"たい"
梯,"だい"
耐,"たえ"
京,"たか"
奝,"たか"
寶,"たか"
廷,"たか"
挙,"たか"
考,"たか"
軅,"たか"
瀉,"だか"
嶽,"たき"
詫,"たく"
斌,"たけ"
穀,"たけ"
虎,"たけ"
但,"たじ"
宰,"ただ"
朔,"たち"
舘,"たち"
館,"たち"
蔦,"たつ"
韃,"だっ"
帯,"たて"
稙,"たね"
把,"たば"
抱,"たば"
煙,"たば"
尹,"ちか"
隣,"ちか"
兒,"ちご"
茶,"ちや"
散,"ちる"
族,"つぎ"
序,"つぐ"
紹,"つぐ"
続,"つぐ"
韶,"つぐ"
付,"つけ"
対,"つし"
對,"つし"
砲,"づつ"
毎,"つね"
經,"つね"
椿,"つば"
嬬,"つま"
摘,"つむ"
釣,"つり"
霍,"つる"
俤,"てい"
暉,"てる"
曜,"てる"
傅,"でん"
洞,"とう"
答,"どう"
柔,"とお"
遐,"とお"
言,"とき"
佽,"とし"
寁,"とし"
彗,"とし"
要,"とし"
鋭,"とし"
構,"とち"
迚,"とて"
舍,"とね"
溝,"どぶ"
地,"どま"
留,"とめ"
止,"どめ"
伴,"とも"
具,"とも"
塘,"とも"
巴,"とも"
取,"どる"
渚,"なぎ"
並,"なび"
辺,"なべ"
邉,"なべ"
邊,"なべ"
瀚,"なみ"
体,"なり"
似,"にた"
縫,"ぬい"
額,"ぬか"
抜,"ぬき"
樌,"ぬき"
炎,"ぬく"
練,"ねり"
亙,"のぶ"
収,"のぶ"
進,"のぶ"
陳,"のぶ"
乗,"のり"
孔,"のり"
度,"のり"
式,"のり"
研,"のり"
範,"のり"
記,"のり"
筥,"はこ"
挾,"はざ"
狭,"はざ"
陌,"はざ"
枦,"はし"
矼,"ばし"
芙,"はす"
長谷,"はせ"
俣,"ばた"
廿,"はつ"
終,"ばて"
咄,"はな"
塙,"はな"
畠,"はな"
纐,"はな"
隼,"はや"
播,"はり"
問,"はる"
覇,"はる"
迢,"はる"
霸,"はる"
漢,"はん"
為,"びい"
挽,"ひき"
曵,"びき"
廂,"ひさ"
泥,"ひじ"
偉,"ひで"
枚,"ひら"
衡,"ひら"
丑,"ひろ"
広,"ひろ"
廣,"ひろ"
汪,"ひろ"
緩,"ひろ"
芼,"ひろ"
郭,"ひろ"
吹,"ふき"
纈,"ぶさ"
再,"ふた"
振,"ふり"
別,"べっ"
干,"ほし"
星,"ほし"
程,"ほと"
掘,"ぼり"
洪,"ほん"
先,"ぽん"
鞠,"まい"
填,"まき"
庄,"まさ"
款,"まさ"
斗,"ます"
舛,"ます"
街,"また"
盡,"まま"
簾,"みす"
導,"みち"
往,"みち"
徃,"みち"
灮,"みつ"
盈,"みつ"
舜,"みつ"
箕,"みの"
皆,"むな"
宐,"むべ"
邸,"むら"
室,"むろ"
校,"めん"
工,"もく"
以,"もち"
始,"もと"
産,"もと"
礎,"もと"
職,"もと"
晦,"もり"
盛,"もり"
護,"もり"
両,"もろ"
燒,"やき"
冭,"やす"
又,"やす"
坦,"やす"
妥,"やす"
烈,"やす"
育,"やす"
鳩,"やす"
楊,"やな"
愉,"ゆう"
諭,"ゆう"
靭,"ゆき"
梼,"ゆす"
酔,"よい"
伃,"よし"
叔,"よし"
可,"よし"
巌,"よし"
巖,"よし"
快,"よし"
艷,"よし"
訢,"よし"
詳,"よし"
豓,"よし"
豔,"よし"
呼,"よぶ"
読,"よみ"
自,"より"
鎔,"よん"
滝,"らき"
竜,"りう"
龍,"りゅ"
涼,"りょ"
動,"るぎ"
瑠,"るり"
列,"れっ"
脇,"わき"
渡辺,"わた"
芦,"あ"
去,"い"
告,"い"
壹,"い"
娃,"い"
揖,"い"
斑,"い"
炊,"い"
祖,"い"
魚,"い"
御,"う"
瓜,"う"
笛,"う"
綿,"う"
菟,"う"
荏,"え"
億,"お"
穗,"お"
加,"か"
掃,"か"
梨,"か"
萱,"か"
鍛,"か"
珂,"が"
杵,"き"
桔,"き"
舗,"き"
雉,"き"
汻,"く"
球,"く"
呉,"ぐ"
削,"げ"
國,"こ"
桑,"こ"
桟,"さ"
沙,"さ"
粧,"さ"
里,"さ"
鷦,"さ"
也,"し"
執,"し"
夷,"し"
岻,"し"
檮,"し"
脚,"し"
値,"じ"
冶,"じ"
甚,"じ"
遅,"じ"
代,"す"
陶,"す"
鈴,"ず"
勢,"せ"
戦,"せ"
所,"せ"
慮,"ぜ"
左,"そ"
荘,"そ"
多,"た"
屋,"た"
形,"ち"
柘,"つ"
葎,"つ"
図,"づ"
因,"て"
弟,"て"
汀,"て"
逹,"て"
兌,"で"
冨,"と"
名,"と"
涛,"と"
當,"と"
砺,"と"
礪,"と"
闘,"と"
迹,"ど"
奈,"な"
奴,"ぬ"
忽,"ぬ"
渟,"ぬ"
婦,"ね"
嶺,"ね"
年,"ね"
眠,"ね"
称,"ね"
丿,"の"
濃,"の"
篠,"の"
半,"は"
萩,"は"
針,"は"
庭,"ば"
旛,"ば"
發,"ば"
童,"ぱ"
孫,"ひ"
傍,"び"
双,"ふ"
歓,"ぶ"
兵,"へ"
閉,"へ"
弁,"べ"
宝,"ほ"
法,"ほ"
緒,"ほ"
蜂,"ほ"
澗,"ま"
麿,"ま"
参,"み"
君,"み"
寳,"み"
已,"み"
微,"み"
未,"み"
果,"み"
男,"み"
績,"み"
臨,"み"
茉,"み"
薬,"み"
虫,"む"
免,"め"
最,"も"
矢,"や"
養,"や"
唯,"ゆ"
夕,"ゆ"
彌,"ゆ"
憂,"ゆ"
羊,"よ"
乱,"ら"
荒,"ら"
願,"ら"
亥,"り"
児,"る"
塁,"る"
伶,"れ"
黎,"れ"
事,"ろ"
婁,"ろ"
杷,"わ"
華,"わ"
訪,"わ"
速,"わ"
際,"わ"