一,"はじめ","Shogi pro: 浅沼一",First Name:
一二三,"ひふみ","Shogi pro: 加藤一二三",First Name:
一史座,"かずしざ","Shogi pro: 堀口一史座",First Name:
一基,"かずき","Shogi pro: 木村一基",First Name:
一岐代,"かずきよ","Shogi pro: 高島一岐代",First Name:
一生,"いっせい","Shogi pro: 高崎一生",First Name:
一男,"かずお","Shogi pro: 真部一男",First Name:
一義,"かずよし","Shogi pro: 西村一義",First Name:
一郎,"いちろう","Shogi pro: 市川一郎, 梶一郎, 田辺一郎",First Name:
丈資,"たけし","Shogi pro: 高田丈資",First Name:
三三,"さんぞう","Shogi pro: 上田三三",First Name:
三之,"みつゆき","Shogi pro: 荒巻三之",First Name:
三吉,"さんきち","Shogi pro: 坂田三吉",First Name:
三枚堂,"さんまいどう","Shogi pro: 三枚堂達也",Last Name:
三治,"さんじ","Shogi pro: 橋本三治",First Name:
三浦,"みうら","Shogi pro: 三浦弘行",Last Name:
三男,"みつお","Shogi pro: 角田三男",First Name:
三郎,"さぶろう","Shogi pro: 武市三郎",First Name:
上川,"うえかわ","Shogi pro: 上川香織",Last Name:
上村,"かみむら","Shogi pro: 上村亘",Last Name:
上田,"うえだ","Shogi pro: 上田三三, 上田初美",Last Name:
上野,"うえの","Shogi pro: 上野裕和, 上野裕寿",Last Name:
下平,"しもだいら","Shogi pro: 下平幸男",Last Name:
中井,"なかい","Shogi pro: 中井広恵, 中井捨吉",Last Name:
中倉,"なかくら","Shogi pro: 中倉宏美, 中倉彰子",Last Name:
中原,"なかはら","Shogi pro: 中原誠",Last Name:
中尾,"なかお","Shogi pro: 中尾敏之",Last Name:
中川,"なかがわ","Shogi pro: 中川大輔",Last Name:
中座,"ちゅうざ","Shogi pro: 中座真",Last Name:
中村,"なかむら","Shogi pro: 中村亮介, 中村修, 中村太地, 中村桃子, 中村真梨花",Last Name:
中澤,"なかざわ","Shogi pro: 中澤沙耶",Last Name:
中田,"なかた,なかだ","Shogi pro: 中田功, 中田宏樹, 中田章道",Last Name:
丸山,"まるやま","Shogi pro: 丸山忠久",Last Name:
丸田,"まるた","Shogi pro: 丸田祐三",Last Name:
主税,"ちから","Shogi pro: 阿久津主税",First Name:
久保,"くぼ","Shogi pro: 久保利明, 久保翔子",Last Name:
久史,"ひさし","Shogi pro: 小倉久史",First Name:
久津,"ひさつ","Shogi pro: 久津知子",Last Name:
久美,"くみ","Shogi pro: 山田久美",First Name:
久雄,"ひさお","Shogi pro: 廣津久雄, 長谷部久雄",First Name:
二上,"ふたかみ","Shogi pro: 二上達也",Last Name:
二見,"ふたみ","Shogi pro: 二見敬三",Last Name:
五十嵐,"いがらし","Shogi pro: 五十嵐豊一",Last Name:
五平,"ごへい","Shogi pro: 小野五平",First Name:
井上,"いのうえ","Shogi pro: 井上慶太, 井上義雄",Last Name:
井出,"いで","Shogi pro: 井出隼平",Last Name:
井田,"いだ","Shogi pro: 井田明宏",Last Name:
井道,"いどう","Shogi pro: 井道千尋",Last Name:
亘,"わたる","Shogi pro: 上村亘",First Name:
京須,"きょうす","Shogi pro: 京須行男",Last Name:
亮,"りょう","Shogi pro: 島本亮",First Name:
亮介,"りょうすけ","Shogi pro: 中村亮介",First Name:
仁子梨,"にこり","Shogi pro: 山口仁子梨",First Name:
仁茂,"ひとしげ","Shogi pro: 淡路仁茂",First Name:
今井,"いまい","Shogi pro: 今井絢",Last Name:
今泉,"いまいずみ","Shogi pro: 今泉健司",Last Name:
伊奈,"いな","Shogi pro: 伊奈祐介",Last Name:
伊奈川,"いながわ","Shogi pro: 伊奈川愛菓",Last Name:
伊緒,"いお","Shogi pro: 室田伊緒",First Name:
伊藤,"いとう","Shogi pro: 伊藤匠, 伊藤博文, 伊藤印達, 伊藤宗印, 伊藤宗寿, 伊藤宗看, 伊藤得寿, 伊藤明日香, 伊藤果, 伊藤沙恵, 伊藤看佐, 伊藤看寿, 伊藤看恕, 伊藤看理, 伊藤真吾, 伊藤真央, 伊藤能, 伊藤金五郎",Last Name:
伊達,"だて","Shogi pro: 伊達康夫",Last Name:
伸,"しん","Shogi pro: 市川伸",First Name:
伸之,"のぶゆき","Shogi pro: 屋敷伸之",First Name:
佐伯,"さえき","Shogi pro: 佐伯昌優",Last Name:
佐々木,"ささき","Shogi pro: 佐々木勇気, 佐々木大地, 佐々木慎, 佐々木海法",Last Name:
佐季子,"さきこ","Shogi pro: 小高佐季子",First Name:
佐瀬,"させ","Shogi pro: 佐瀬勇次",Last Name:
佐知子,"さちこ","Shogi pro: 高群佐知子",First Name:
佐藤,"さとう","Shogi pro: 佐藤和俊, 佐藤大五郎, 佐藤天彦, 佐藤寿子, 佐藤庄平, 佐藤康光, 佐藤慎一, 佐藤秀司, 佐藤紳哉, 佐藤義則, 佐藤豊",Last Name:
佑二郎,"ゆうじろう","Shogi pro: 高橋佑二郎",First Name:
佳介,"よしゆき","Shogi pro: 松本佳介",First Name:
佳子,"よしこ","Shogi pro: 多田佳子",First Name:
依田,"よだ","Shogi pro: 依田有司",Last Name:
俊之,"としゆき","Shogi pro: 森内俊之",First Name:
俊彦,"としひこ","Shogi pro: 河口俊彦",First Name:
信助,"しんすけ","Shogi pro: 平野信助",First Name:
信雄,"のぶお","Shogi pro: 森信雄",First Name:
修,"おさむ","Shogi pro: 中村修, 勝浦修",First Name:
修一,"しゅういち","Shogi pro: 小野修一, 池田修一",First Name:
修哉,"しゅうや","Shogi pro: 北楯修哉",First Name:
健二,"けんじ","Shogi pro: 小林健二, 神崎健二, 飯野健二",First Name:
健介,"けんすけ","Shogi pro: 北浜健介",First Name:
健司,"けんじ","Shogi pro: 今泉健司",First Name:
健太,"けんた","Shogi pro: 宮嶋健太",First Name:
健太郎,"けんたろう","Shogi pro: 石井健太郎",First Name:
健治郎,"けんじろう","Shogi pro: 阿部健治郎",First Name:
優太,"ゆうた","Shogi pro: 石川優太",First Name:
優月,"ゆづき","Shogi pro: 竹内優月",First Name:
優貴,"ゆうき","Shogi pro: 長谷川優貴",First Name:
允彦,"のぶひこ","Shogi pro: 坂口允彦",First Name:
元司,"もとじ","Shogi pro: 花村元司",First Name:
先崎,"せんざき","Shogi pro: 先崎学",Last Name:
光則,"みつのり","Shogi pro: 牧野光則",First Name:
光治,"みつはる","Shogi pro: 溝呂木光治",First Name:
光瑠,"こうる","Shogi pro: 阿部光瑠",First Name:
克彦,"かつひこ","Shogi pro: 室岡克彦",First Name:
児玉,"こだま","Shogi pro: 児玉孝一",Last Name:
八一雄,"やいちお","Shogi pro: 大野八一雄",First Name:
八代,"やしろ","Shogi pro: 八代弥",Last Name:
六彦,"むつひこ","Shogi pro: 吉田六彦",First Name:
内山,"うちやま","Shogi pro: 内山あや",Last Name:
内藤,"ないとう","Shogi pro: 内藤國雄",Last Name:
冨田,"とみた","Shogi pro: 冨田誠也",Last Name:
出口,"でぐち","Shogi pro: 出口若武",Last Name:
初美,"はつみ","Shogi pro: 上田初美",First Name:
利勝,"としかつ","Shogi pro: 吉田利勝",First Name:
利幸,"としゆき","Shogi pro: 坪内利幸",First Name:
利明,"としあき","Shogi pro: 久保利明",First Name:
利男,"としお","Shogi pro: 宮田利男",First Name:
前田,"まえだ","Shogi pro: 前田祐司",Last Name:
剣之助,"けんのすけ","Shogi pro: 小菅剣之助",First Name:
剱持,"けんもち","Shogi pro: 剱持松二",Last Name:
力,"つとむ","Shogi pro: 松下力",First Name:
功,"いさお","Shogi pro: 中田功",First Name:
加瀬,"かせ","Shogi pro: 加瀬純一",Last Name:
加藤,"かとう","Shogi pro: 加藤一二三, 加藤博二, 加藤圭, 加藤恵三, 加藤桃子, 加藤治郎, 加藤結李愛",Last Name:
勇樹,"ゆうき","Shogi pro: 藤倉勇樹",First Name:
勇次,"ゆうじ","Shogi pro: 佐瀬勇次",First Name:
勇気,"ゆうき","Shogi pro: 佐々木勇気",First Name:
勘一郎,"かんいちろう","Shogi pro: 飯塚勘一郎",First Name:
勝一,"しょういち","Shogi pro: 安西勝一",First Name:
勝又,"かつまた","Shogi pro: 勝又清和",Last Name:
勝巳,"かつみ","Shogi pro: 武者野勝巳",First Name:
勝浦,"かつうら","Shogi pro: 勝浦修",Last Name:
勝雄,"かつお","Shogi pro: 永沢勝雄",First Name:
北尾,"きたお","Shogi pro: 北尾まどか",Last Name:
北島,"きたじま","Shogi pro: 北島忠雄",Last Name:
北村,"きたむら","Shogi pro: 北村文男, 北村昌男, 北村桂香, 北村秀治郎",Last Name:
北楯,"きただて","Shogi pro: 北楯修哉",Last Name:
北浜,"きたはま","Shogi pro: 北浜健介",Last Name:
匠,"たくみ","Shogi pro: 伊藤匠",First Name:
千和子,"ちかこ","Shogi pro: 長沢千和子",First Name:
千尋,"ちひろ","Shogi pro: 井道千尋",First Name:
千嶺,"ちみね","Shogi pro: 山口千嶺",First Name:
千田,"ちだ","Shogi pro: 千田翔太",Last Name:
千紗,"ちさ","Shogi pro: 早水千紗",First Name:
千葉,"ちば","Shogi pro: 千葉幸生, 千葉涼子",Last Name:
升田,"ますだ","Shogi pro: 升田幸三",Last Name:
卓,"たく","Shogi pro: 森下卓",First Name:
卓造,"たくぞう","Shogi pro: 松浦卓造",First Name:
南,"みなみ",NULL,First Name or Last Name:
南口,"みなみぐち","Shogi pro: 南口繁一",Last Name:
博,"ひろし","Shogi pro: 本間博",First Name:
博二,"ひろじ","Shogi pro: 加藤博二",First Name:
博志,"ひろし","Shogi pro: 山本博志",First Name:
博文,"ひろふみ,ひろぶみ","Shogi pro: 伊藤博文, 芹沢博文",First Name:
博晴,"ひろはる","Shogi pro: 瀬戸博晴",First Name:
印達,"いんたつ","Shogi pro: 伊藤印達",First Name:
原田,"はらだ","Shogi pro: 原田泰夫",Last Name:
及川,"おいかわ","Shogi pro: 及川拓馬",Last Name:
友紀,"ともき","Shogi pro: 横山友紀",First Name:
古森,"こもり","Shogi pro: 古森悠太",Last Name:
古賀,"こが","Shogi pro: 古賀悠聖",Last Name:
史明,"しめい","Shogi pro: 岡崎史明",First Name:
吉田,"よしだ","Shogi pro: 吉田六彦, 吉田利勝",Last Name:
和,"やまと","Shogi pro: 高橋和",First Name:
和久,"かずひさ","Shogi pro: 大村和久",First Name:
和俊,"かずとし","Shogi pro: 佐藤和俊",First Name:
和史,"かずし","Shogi pro: 渡辺和史",First Name:
和宏,"かずひろ","Shogi pro: 西川和宏",First Name:
和晴,"かずはる","Shogi pro: 所司和晴",First Name:
和歌夫,"わかお","Shogi pro: 建部和歌夫",First Name:
和正,"かずまさ","Shogi pro: 山中和正",First Name:
和田,"わだ","Shogi pro: 和田あき, 和田はな",Last Name:
和男,"かずお","Shogi pro: 東和男",First Name:
和陽,"かずお","Shogi pro: 杉本和陽",First Name:
和雄,"かずお","Shogi pro: 石田和雄",First Name:
咲紀,"さき","Shogi pro: 川又咲紀",First Name:
咲緒里,"さおり","Shogi pro: 島井咲緒里",First Name:
哲也,"てつや","Shogi pro: 藤森哲也",First Name:
哲郎,"てつろう","Shogi pro: 糸谷哲郎",First Name:
啓三,"けいぞう","Shogi pro: 星田啓三",First Name:
啓太,"けいた","Shogi pro: 門倉啓太",First Name:
善治,"よしはる","Shogi pro: 羽生善治",First Name:
喜代作,"きよさく","Shogi pro: 関屋喜代作",First Name:
喜祐,"きすけ","Shogi pro: 谷頭喜祐",First Name:
嘉孝,"よしたか","Shogi pro: 木村嘉孝",First Name:
四郎,"しろう","Shogi pro: 板谷四郎",First Name:
國雄,"くにお","Shogi pro: 内藤國雄",First Name:
土佐,"とさ","Shogi pro: 土佐浩司",Last Name:
土居,"どい","Shogi pro: 土居市太郎",Last Name:
圭,"けい","Shogi pro: 加藤圭",First Name:
圭一,"けいいち","Shogi pro: 真田圭一",First Name:
圭生,"たまお","Shogi pro: 鹿野圭生",First Name:
坂口,"さかぐち","Shogi pro: 坂口允彦",Last Name:
坂東,"ばんどう","Shogi pro: 坂東香菜子",Last Name:
坂田,"さかた","Shogi pro: 坂田三吉",Last Name:
坪内,"つぼうち","Shogi pro: 坪内利幸",Last Name:
基芳,"もとよし","Shogi pro: 奥野基芳",First Name:
堀,"ほり","Shogi pro: 堀彩乃",Last Name:
堀口,"ほりぐち","Shogi pro: 堀口一史座, 堀口弘治",Last Name:
塚田,"つかだ","Shogi pro: 塚田恵梨花, 塚田正夫, 塚田泰明",Last Name:
増田,"ますだ","Shogi pro: 増田康宏, 増田敏二, 増田裕司",Last Name:
多恵子,"たえこ","Shogi pro: 森安多恵子",First Name:
多田,"ただ","Shogi pro: 多田佳子",Last Name:
大五郎,"だいごろう","Shogi pro: 佐藤大五郎",First Name:
大介,"だいすけ","Shogi pro: 鈴木大介",First Name:
大内,"おおうち","Shogi pro: 大内延介",Last Name:
大原,"おおはら","Shogi pro: 大原英二",Last Name:
大友,"おおとも","Shogi pro: 大友昇",Last Name:
大和久,"おおわく","Shogi pro: 大和久彪",Last Name:
大地,"だいち","Shogi pro: 佐々木大地",First Name:
大夢,"ひろむ","Shogi pro: 渡辺大夢",First Name:
大山,"おおやま","Shogi pro: 大山康晴",Last Name:
大島,"おおしま","Shogi pro: 大島映二, 大島綾華",Last Name:
大崎,"おおさき","Shogi pro: 大崎熊雄",Last Name:
大平,"おおひら","Shogi pro: 大平武洋",Last Name:
大庭,"おおば","Shogi pro: 大庭美夏, 大庭美樹",Last Name:
大村,"おおむら","Shogi pro: 大村和久",Last Name:
大橋,"おおはし","Shogi pro: 大橋宗与, 大橋宗伝, 大橋宗古, 大橋宗桂, 大橋宗珉, 大橋宗英, 大橋宗金, 大橋宗銀, 大橋宗順, 大橋柳雪, 大橋浪女, 大橋貴洸",Last Name:
大矢,"おおや","Shogi pro: 大矢東吉",Last Name:
大石,"おおいし","Shogi pro: 大石直嗣",Last Name:
大輔,"だいすけ","Shogi pro: 中川大輔, 片上大輔",First Name:
大野,"おおの","Shogi pro: 大野八一雄, 大野源一",Last Name:
天彦,"あまひこ","Shogi pro: 佐藤天彦",First Name:
天志,"たかし","Shogi pro: 池永天志",First Name:
天野,"あまの","Shogi pro: 天野宗歩",Last Name:
太地,"たいち","Shogi pro: 中村太地",First Name:
奈々,"なな","Shogi pro: 藤井奈々",First Name:
奈津子,"なつこ","Shogi pro: 藤森奈津子",First Name:
奈菜,"なな","Shogi pro: 頼本奈菜",First Name:
奎,"けい","Shogi pro: 本田奎",First Name:
奏,"かなで","Shogi pro: 砂原奏",First Name:
奥野,"おくの","Shogi pro: 奥野基芳",Last Name:
孝一,"こういち","Shogi pro: 児玉孝一",First Name:
孝功,"たかのり","Shogi pro: 安用寺孝功",First Name:
孝史,"たかし","Shogi pro: 金沢孝史",First Name:
孝弘,"たかひろ","Shogi pro: 豊川孝弘",First Name:
学,"まなぶ","Shogi pro: 先崎学, 熊坂学",First Name:
宇治,"うじ","Shogi pro: 宇治正子",Last Name:
安恵,"やすえ","Shogi pro: 安恵照剛",Last Name:
安用寺,"あんようじ","Shogi pro: 安用寺孝功",Last Name:
安西,"あんざい","Shogi pro: 安西勝一",Last Name:
安食,"あじき","Shogi pro: 安食総子",Last Name:
宏,"ひろし","Shogi pro: 小林宏",First Name:
宏充,"ひろみつ","Shogi pro: 神吉宏充",First Name:
宏孝,"ひろたか","Shogi pro: 梶浦宏孝",First Name:
宏樹,"ひろき","Shogi pro: 中田宏樹",First Name:
宏美,"ひろみ","Shogi pro: 中倉宏美",First Name:
宗与,"そうよ","Shogi pro: 大橋宗与",First Name:
宗伝,"そうでん","Shogi pro: 大橋宗伝",First Name:
宗印,"そういん","Shogi pro: 伊藤宗印",First Name:
宗古,"そうこ","Shogi pro: 大橋宗古",First Name:
宗寿,"そうかん","Shogi pro: 伊藤宗寿",First Name:
宗桂,"そうけい","Shogi pro: 大橋宗桂",First Name:
宗歩,"そうほ","Shogi pro: 天野宗歩",First Name:
宗珉,"そうきん","Shogi pro: 大橋宗珉",First Name:
宗看,"そうかん","Shogi pro: 伊藤宗看",First Name:
宗英,"そうえい","Shogi pro: 大橋宗英",First Name:
宗金,"そうきん","Shogi pro: 大橋宗金",First Name:
宗銀,"そうぎん","Shogi pro: 大橋宗銀",First Name:
宗順,"そうじゅん","Shogi pro: 大橋宗順",First Name:
室岡,"むろおか","Shogi pro: 室岡克彦",Last Name:
室田,"むろた","Shogi pro: 室田伊緒",Last Name:
室谷,"むろや","Shogi pro: 室谷由紀",Last Name:
宮坂,"みやさか","Shogi pro: 宮坂幸雄",Last Name:
宮宗,"みやそう","Shogi pro: 宮宗紫野",Last Name:
宮嶋,"みやじま","Shogi pro: 宮嶋健太",Last Name:
宮本,"みやもと","Shogi pro: 宮本広志",Last Name:
宮松,"みやまつ","Shogi pro: 宮松関三郎",Last Name:
宮澤,"みやざわ","Shogi pro: 宮澤紗希",Last Name:
宮田,"みやた","Shogi pro: 宮田利男, 宮田敦史",Last Name:
家治,"いえはる","Shogi pro: 徳川家治",First Name:
寅彦,"とらひこ","Shogi pro: 田中寅彦",First Name:
富岡,"とみおか","Shogi pro: 富岡英作",Last Name:
富沢,"とみざわ","Shogi pro: 富沢幹雄",Last Name:
寺下,"てらした","Shogi pro: 寺下紀子",Last Name:
寿子,"ひさこ","Shogi pro: 佐藤寿子",First Name:
将之,"まさゆき","Shogi pro: 豊島将之",First Name:
小倉,"おぐら","Shogi pro: 小倉久史",Last Name:
小堀,"こぼり","Shogi pro: 小堀清一",Last Name:
小山,"こやま","Shogi pro: 小山怜央, 小山直希",Last Name:
小林,"こばやし","Shogi pro: 小林健二, 小林宏, 小林東伯斎, 小林裕士",Last Name:
小泉,"こいずみ","Shogi pro: 小泉雅信",Last Name:
小百合,"さゆり","Shogi pro: 本田小百合",First Name:
小菅,"こすげ","Shogi pro: 小菅剣之助",Last Name:
小野,"おの","Shogi pro: 小野五平, 小野修一, 小野敦生",Last Name:
小阪,"こさか","Shogi pro: 小阪昇",Last Name:
小高,"おだか","Shogi pro: 小高佐季子",Last Name:
尚史,"ひさし","Shogi pro: 行方尚史",First Name:
尚平,"しょうへい","Shogi pro: 高田尚平",First Name:
尭之,"たかゆき","Shogi pro: 黒田尭之",First Name:
屋敷,"やしき","Shogi pro: 屋敷伸之",Last Name:
山下,"やました","Shogi pro: 山下カズ子",Last Name:
山中,"やまなか","Shogi pro: 山中和正",Last Name:
山口,"やまぐち","Shogi pro: 山口仁子梨, 山口千嶺, 山口恵梨子, 山口稀良莉, 山口絵美菜, 山口英夫",Last Name:
山崎,"やまさき","Shogi pro: 山崎隆之",Last Name:
山川,"やまかわ","Shogi pro: 山川次彦, 山川泰煕",Last Name:
山本,"やまもと","Shogi pro: 山本博志, 山本樟郎, 山本武雄, 山本真也",Last Name:
山根,"やまね","Shogi pro: 山根ことみ",Last Name:
山田,"やまだ","Shogi pro: 山田久美, 山田朱未, 山田道美",Last Name:
岡崎,"おかざき","Shogi pro: 岡崎史明, 岡崎洋",Last Name:
岡部,"おかべ","Shogi pro: 岡部怜央",Last Name:
岩佐,"いわさ","Shogi pro: 岩佐美帆子",Last Name:
岩根,"いわね","Shogi pro: 岩根忍",Last Name:
島,"しま","Shogi pro: 島朗",Last Name:
島井,"しまい","Shogi pro: 島井咲緒里",Last Name:
島本,"しまもと","Shogi pro: 島本亮",Last Name:
崇載,"たかのり","Shogi pro: 橋本崇載",First Name:
崎原,"さきはら","Shogi pro: 崎原知宙",Last Name:
川上,"かわかみ","Shogi pro: 川上猛",Last Name:
川井,"かわい","Shogi pro: 川井房郷",Last Name:
川又,"かわまた","Shogi pro: 川又咲紀",Last Name:
市代,"いちよ","Shogi pro: 清水市代",First Name:
市太郎,"いちたろう","Shogi pro: 土居市太郎",First Name:
市川,"いちかわ","Shogi pro: 市川一郎, 市川伸",Last Name:
市郎,"いちろう","Shogi pro: 日浦市郎",First Name:
常吉,"つねよし","Shogi pro: 津村常吉",First Name:
常夫,"つねお","Shogi pro: 菊地常夫",First Name:
平藤,"ひらふじ","Shogi pro: 平藤眞吾",Last Name:
平野,"ひらの","Shogi pro: 平野信助, 平野広吉",Last Name:
幸三,"こうぞう","Shogi pro: 升田幸三",First Name:
幸子,"ゆきこ","Shogi pro: 村山幸子",First Name:
幸生,"さきお","Shogi pro: 千葉幸生",First Name:
幸男,"ゆきお","Shogi pro: 下平幸男",First Name:
幸緒,"さちお","Shogi pro: 石橋幸緒",First Name:
幸雄,"ゆきお","Shogi pro: 宮坂幸雄",First Name:
幹太,"かんた","Shogi pro: 柵木幹太",First Name:
幹生,"みきお","Shogi pro: 狩山幹生",First Name:
幹雄,"みきお","Shogi pro: 富沢幹雄",First Name:
広人,"ひろと","Shogi pro: 桐谷広人",First Name:
広吉,"ひろきち","Shogi pro: 平野広吉",First Name:
広志,"ひろし","Shogi pro: 宮本広志, 神谷広志",First Name:
広恵,"ひろえ","Shogi pro: 中井広恵",First Name:
広瀬,"ひろせ","Shogi pro: 広瀬章人",Last Name:
庄平,"しょうへい","Shogi pro: 佐藤庄平",First Name:
康介,"こうすけ","Shogi pro: 田村康介",First Name:
康光,"やすみつ","Shogi pro: 佐藤康光",First Name:
康夫,"やすお","Shogi pro: 伊達康夫",First Name:
康宏,"やすひろ","Shogi pro: 増田康宏",First Name:
康市,"こういち","Shogi pro: 深浦康市",First Name:
康晴,"やすはる","Shogi pro: 大山康晴",First Name:
廣津,"ひろつ","Shogi pro: 廣津久雄",Last Name:
廣紀,"ひろき","Shogi pro: 谷合廣紀",First Name:
延介,"のぶゆき","Shogi pro: 大内延介",First Name:
建部,"たけべ","Shogi pro: 建部和歌夫",Last Name:
弘之,"ひろゆき","Shogi pro: 飯田弘之",First Name:
弘光,"ひろみつ","Shogi pro: 高島弘光",First Name:
弘治,"こうじ","Shogi pro: 堀口弘治",First Name:
弘行,"ひろゆき","Shogi pro: 三浦弘行",First Name:
弥,"わたる","Shogi pro: 八代弥",First Name:
弥生,"みお","Shogi pro: 渡辺弥生",First Name:
彩乃,"あやの","Shogi pro: 堀彩乃, 野田澤彩乃",First Name:
彩子,"あやこ","Shogi pro: 真田彩子",First Name:
彪,"たけし","Shogi pro: 大和久彪",First Name:
彰子,"あきこ","Shogi pro: 中倉彰子, 蛸島彰子",First Name:
得寿,"とくじゅ","Shogi pro: 伊藤得寿",First Name:
徳川,"とくがわ","Shogi pro: 徳川家治",Last Name:
徳田,"とくだ","Shogi pro: 徳田拳士",Last Name:
忍,"しのぶ","Shogi pro: 岩根忍",First Name:
志沢,"しざわ","Shogi pro: 志沢春吉",Last Name:
忠久,"ただひさ","Shogi pro: 丸山忠久",First Name:
忠雄,"ただお","Shogi pro: 北島忠雄",First Name:
怜央,"れお","Shogi pro: 小山怜央, 岡部怜央",First Name:
怜生,"れお","Shogi pro: 黒沢怜生",First Name:
恒太,"こうた","Shogi pro: 金井恒太",First Name:
恒平,"こうへい","Shogi pro: 船江恒平",First Name:
恵三,"けいぞう","Shogi pro: 加藤恵三",First Name:
恵梨子,"えりこ","Shogi pro: 山口恵梨子",First Name:
恵梨花,"えりか","Shogi pro: 塚田恵梨花",First Name:
悟,"さとる","Shogi pro: 阪口悟",First Name:
悠一,"ゆういち","Shogi pro: 田中悠一",First Name:
悠太,"ゆうた","Shogi pro: 古森悠太",First Name:
悠聖,"ゆうせい","Shogi pro: 古賀悠聖",First Name:
悦行,"よしゆき","Shogi pro: 植山悦行",First Name:
愛,"あい,まな","Shogi pro: 飯野愛, 渡部愛",First Name:
愛子,"あいこ","Shogi pro: 高浜愛子",First Name:
愛生,"まなお","Shogi pro: 香川愛生",First Name:
愛菓,"まなか","Shogi pro: 伊奈川愛菓",First Name:
慈明,"やすあき","Shogi pro: 村山慈明",First Name:
慎,"まこと","Shogi pro: 佐々木慎",First Name:
慎一,"しんいち","Shogi pro: 佐藤慎一",First Name:
慎一郎,"しんいちろう","Shogi pro: 服部慎一郎",First Name:
慎吾,"しんご","Shogi pro: 関口慎吾",First Name:
慎太郎,"しんたろう","Shogi pro: 斎藤慎太郎",First Name:
慶二,"けいじ","Shogi pro: 西川慶二",First Name:
慶太,"けいた","Shogi pro: 井上慶太",First Name:
慶虎,"よしとら","Shogi pro: 野村慶虎",First Name:
成幸,"なるゆき","Shogi pro: 畠山成幸",First Name:
戸辺,"とべ","Shogi pro: 戸辺誠",Last Name:
房郷,"ふさくに","Shogi pro: 川井房郷",First Name:
所司,"しょし","Shogi pro: 所司和晴",Last Name:
才跳,"さいと","Shogi pro: 森本才跳",First Name:
折田,"おりた","Shogi pro: 折田翔吾",Last Name:
拓也,"たくや","Shogi pro: 西田拓也",First Name:
拓矢,"たくや","Shogi pro: 永瀬拓矢",First Name:
拓馬,"たくま","Shogi pro: 及川拓馬",First Name:
拳士,"けんし","Shogi pro: 徳田拳士",First Name:
捨吉,"すてきち","Shogi pro: 中井捨吉",First Name:
政和,"まさかず","Shogi pro: 若松政和",First Name:
敏之,"としゆき","Shogi pro: 中尾敏之",First Name:
敏二,"としじ","Shogi pro: 増田敏二",First Name:
敏太郎,"としたろう","Shogi pro: 橋爪敏太郎",First Name:
敏夫,"としお","Shogi pro: 高柳敏夫",First Name:
敦史,"あつし","Shogi pro: 宮田敦史",First Name:
敦生,"あつお","Shogi pro: 小野敦生",First Name:
敬三,"けいぞう","Shogi pro: 二見敬三, 野田敬三",First Name:
文吾,"ぶんご","Shogi pro: 福崎文吾",First Name:
文男,"ふみお","Shogi pro: 北村文男",First Name:
斎田,"さいだ","Shogi pro: 斎田晴子",Last Name:
斎藤,"さいとう","Shogi pro: 斎藤慎太郎, 斎藤明日斗, 斎藤銀次郎, 斎藤雅雄",Last Name:
日浦,"ひうら","Shogi pro: 日浦市郎",Last Name:
早水,"はやみず","Shogi pro: 早水千紗",Last Name:
昇,"のぼる","Shogi pro: 大友昇, 小阪昇, 桜井昇, 田丸昇",First Name:
昌優,"よしまさ","Shogi pro: 佐伯昌優",First Name:
昌男,"まさお","Shogi pro: 北村昌男",First Name:
昌隆,"まさたか","Shogi pro: 杉本昌隆",First Name:
明,"あきら","Shogi pro: 渡辺明, 西尾明",First Name:
明宏,"あきひろ","Shogi pro: 井田明宏",First Name:
明日斗,"あすと","Shogi pro: 斎藤明日斗",First Name:
明日香,"あすか","Shogi pro: 伊藤明日香",First Name:
明浩,"あきひろ","Shogi pro: 高田明浩",First Name:
易二郎,"やすじろう","Shogi pro: 金易二郎",First Name:
星田,"ほしだ","Shogi pro: 星田啓三",Last Name:
星野,"ほしの","Shogi pro: 星野良生",Last Name:
映二,"えいじ","Shogi pro: 大島映二",First Name:
春吉,"はるきち","Shogi pro: 志沢春吉",First Name:
春雄,"はるお","Shogi pro: 沼春雄",First Name:
春香,"はるか","Shogi pro: 相川春香",First Name:
是安,"これやす","Shogi pro: 檜垣是安",First Name:
晃,"あきら","Shogi pro: 木下晃",First Name:
晴子,"はるこ","Shogi pro: 斎田晴子",First Name:
晶司,"しょうじ","Shogi pro: 瀬川晶司",First Name:
智史,"さとし","Shogi pro: 高野智史",First Name:
智弘,"ともひろ","Shogi pro: 村田智弘",First Name:
智穂,"ちほ","Shogi pro: 村田智穂",First Name:
智美,"ともみ","Shogi pro: 甲斐智美",First Name:
有司,"ゆうじ","Shogi pro: 依田有司",First Name:
有吉,"ありよし","Shogi pro: 有吉道夫",Last Name:
有森,"ありもり","Shogi pro: 有森浩三",Last Name:
有野,"ありの","Shogi pro: 有野芳人",Last Name:
朋佳,"ともか","Shogi pro: 西山朋佳",First Name:
服部,"はっとり","Shogi pro: 服部慎一郎",Last Name:
朗,"あきら","Shogi pro: 島朗",First Name:
木下,"きのした","Shogi pro: 木下晃, 木下浩一",Last Name:
木川,"きがわ","Shogi pro: 木川貴一",Last Name:
木村,"きむら","Shogi pro: 木村一基, 木村嘉孝, 木村朱里, 木村義徳, 木村義雄",Last Name:
木見,"きみ","Shogi pro: 木見金治郎",Last Name:
未来,"みらい","Shogi pro: 青嶋未来",First Name:
未蘭,"みらん","Shogi pro: 野原未蘭",First Name:
本因坊,"ほんいんぼう","Shogi pro: 本因坊算砂",Last Name:
本田,"ほんだ","Shogi pro: 本田奎, 本田小百合",Last Name:
本間,"ほんま","Shogi pro: 本間博, 本間爽悦",Last Name:
朱未,"あけみ","Shogi pro: 山田朱未",First Name:
朱里,"じゅり","Shogi pro: 木村朱里",First Name:
杉崎,"すぎさき","Shogi pro: 杉崎里子",Last Name:
杉本,"すぎもと","Shogi pro: 杉本和陽, 杉本昌隆",Last Name:
村上,"むらかみ","Shogi pro: 村上真一",Last Name:
村中,"むらなか","Shogi pro: 村中秀史",Last Name:
村山,"むらやま","Shogi pro: 村山幸子, 村山慈明, 村山聖",Last Name:
村田,"むらた","Shogi pro: 村田智弘, 村田智穂, 村田顕弘",Last Name:
東,"あずま","Shogi pro: 東和男",Last Name:
東一,"とういち","Shogi pro: 渡辺東一",First Name:
東伯斎,"とうはくさい","Shogi pro: 小林東伯斎",First Name:
東吉,"とうきち","Shogi pro: 大矢東吉",First Name:
松下,"まつした","Shogi pro: 松下力, 松下舞琳",Last Name:
松二,"しょうじ","Shogi pro: 剱持松二",First Name:
松尾,"まつお","Shogi pro: 松尾歩",Last Name:
松本,"まつもと","Shogi pro: 松本佳介",Last Name:
松浦,"まつうら","Shogi pro: 松浦卓造, 松浦隆一",Last Name:
松田,"まつだ","Shogi pro: 松田茂役, 松田辰雄",Last Name:
板谷,"いたや","Shogi pro: 板谷四郎, 板谷進",Last Name:
林,"はやし","Shogi pro: 林まゆみ",Last Name:
林葉,"はやしば","Shogi pro: 林葉直子",Last Name:
果,"はたす","Shogi pro: 伊藤果",First Name:
柳雪,"りゅうせつ","Shogi pro: 大橋柳雪",First Name:
柵木,"ませぎ","Shogi pro: 柵木幹太",Last Name:
栄治,"えいじ","Shogi pro: 飯島栄治",First Name:
桂香,"けいか","Shogi pro: 北村桂香",First Name:
桃子,"ももこ","Shogi pro: 中村桃子, 加藤桃子",First Name:
桐山,"きりやま","Shogi pro: 桐山清澄",Last Name:
桐谷,"きりたに","Shogi pro: 桐谷広人",Last Name:
桜井,"さくらい","Shogi pro: 桜井昇",Last Name:
梅津,"うめず","Shogi pro: 梅津美琴",Last Name:
梶,"かじ","Shogi pro: 梶一郎",Last Name:
梶浦,"かじうら","Shogi pro: 梶浦宏孝",Last Name:
森,"もり","Shogi pro: 森信雄, 森雞二",Last Name:
森下,"もりした","Shogi pro: 森下卓",Last Name:
森内,"もりうち","Shogi pro: 森内俊之",Last Name:
森安,"もりやす","Shogi pro: 森安多恵子, 森安正幸, 森安秀光",Last Name:
森本,"もりもと","Shogi pro: 森本才跳, 森本理子",Last Name:
植山,"うえやま","Shogi pro: 植山悦行",Last Name:
植村,"うえむら","Shogi pro: 植村真理",Last Name:
椎橋,"しいはし","Shogi pro: 椎橋金司",Last Name:
榊,"さかき","Shogi pro: 榊菜吟",Last Name:
樟郎,"くすお","Shogi pro: 山本樟郎",First Name:
横山,"よこやま","Shogi pro: 横山友紀, 横山泰明",Last Name:
橋本,"はしもと","Shogi pro: 橋本三治, 橋本崇載",Last Name:
橋爪,"はしずめ","Shogi pro: 橋爪敏太郎",Last Name:
檜垣,"ひがき","Shogi pro: 檜垣是安",Last Name:
櫛田,"くしだ","Shogi pro: 櫛田陽一",Last Name:
次彦,"つぎひこ","Shogi pro: 山川次彦",First Name:
正三,"しょうぞう","Shogi pro: 賀集正三",First Name:
正光,"まさみつ","Shogi pro: 達正光",First Name:
正和,"まさかず","Shogi pro: 渡辺正和, 近藤正和",First Name:
正夫,"まさお","Shogi pro: 塚田正夫",First Name:
正子,"まさこ","Shogi pro: 宇治正子",First Name:
正幸,"まさゆき","Shogi pro: 森安正幸",First Name:
正樹,"まさき","Shogi pro: 泉正樹",First Name:
武富,"たけどみ","Shogi pro: 武富礼衣",Last Name:
武市,"たけいち","Shogi pro: 武市三郎",Last Name:
武洋,"たけひろ","Shogi pro: 大平武洋",First Name:
武者野,"むしゃの","Shogi pro: 武者野勝巳",Last Name:
武雄,"たけお","Shogi pro: 山本武雄",First Name:
歩,"あゆむ","Shogi pro: 松尾歩",First Name:
水町,"みずまち","Shogi pro: 水町みゆ",Last Name:
永作,"ながさく","Shogi pro: 永作芳也",Last Name:
永沢,"ながさわ","Shogi pro: 永沢勝雄",Last Name:
永瀬,"ながせ","Shogi pro: 永瀬拓矢",Last Name:
池永,"いけなが","Shogi pro: 池永天志",Last Name:
池田,"いけだ","Shogi pro: 池田修一, 池田菊女",Last Name:
沙恵,"さえ","Shogi pro: 伊藤沙恵",First Name:
沙紀,"さき","Shogi pro: 田中沙紀",First Name:
沙耶,"さや","Shogi pro: 中澤沙耶",First Name:
河口,"かわぐち","Shogi pro: 河口俊彦",Last Name:
治恵,"はるえ","Shogi pro: 谷川治恵",First Name:
治郎,"じろう","Shogi pro: 加藤治郎",First Name:
沼,"ぬま","Shogi pro: 沼春雄",Last Name:
泉,"いずみ","Shogi pro: 泉正樹",Last Name:
泰地,"たいち","Shogi pro: 高見泰地",First Name:
泰夫,"やすお","Shogi pro: 原田泰夫",First Name:
泰明,"ひろあき,やすあき","Shogi pro: 横山泰明, 塚田泰明",First Name:
泰煕,"たいき","Shogi pro: 山川泰煕",First Name:
洋,"ひろし","Shogi pro: 岡崎洋, 長沼洋",First Name:
津村,"つむら","Shogi pro: 津村常吉",Last Name:
浅沼,"あさぬま","Shogi pro: 浅沼一",Last Name:
浦野,"うらの","Shogi pro: 浦野真彦",Last Name:
浩,"ひろし","Shogi pro: 関浩",First Name:
浩一,"こういち","Shogi pro: 木下浩一",First Name:
浩三,"こうぞう","Shogi pro: 有森浩三",First Name:
浩司,"こうじ","Shogi pro: 土佐浩司, 谷川浩司",First Name:
浩平,"こうへい","Shogi pro: 長谷部浩平",First Name:
浩貴,"ひろたか","Shogi pro: 野月浩貴",First Name:
浪女,"なみ","Shogi pro: 大橋浪女",First Name:
海法,"みのり","Shogi pro: 佐々木海法",First Name:
涼子,"りょうこ","Shogi pro: 千葉涼子",First Name:
淡路,"あわじ","Shogi pro: 淡路仁茂",Last Name:
深浦,"ふかうら","Shogi pro: 深浦康市",Last Name:
淳,"きよし","Shogi pro: 萩原淳",First Name:
清,"きよし","Shogi pro: 青木清",First Name:
清一,"せいいち","Shogi pro: 小堀清一",First Name:
清二郎,"せいじろう","Shogi pro: 長谷川清二郎",First Name:
清吉,"せいきち","Shogi pro: 金高清吉",First Name:
清和,"きよかず","Shogi pro: 勝又清和",First Name:
清水,"しみず","Shogi pro: 清水市代",Last Name:
清澄,"きよずみ","Shogi pro: 桐山清澄",First Name:
清野,"せいの","Shogi pro: 清野静男",Last Name:
渚,"なぎさ","Shogi pro: 藤本渚",First Name:
渡辺,"わたなべ","Shogi pro: 渡辺和史, 渡辺大夢, 渡辺弥生, 渡辺明, 渡辺東一, 渡辺正和",Last Name:
渡部,"わたなべ","Shogi pro: 渡部愛",Last Name:
源一,"げんいち","Shogi pro: 大野源一",First Name:
溝呂木,"みぞろぎ","Shogi pro: 溝呂木光治",Last Name:
滝,"たき","Shogi pro: 滝誠一郎",Last Name:
澄恵,"すみえ","Shogi pro: 石高澄恵",First Name:
澤田,"さわだ","Shogi pro: 澤田真吾",Last Name:
瀬川,"せがわ","Shogi pro: 瀬川晶司",Last Name:
瀬戸,"せと","Shogi pro: 瀬戸博晴",Last Name:
灘,"なだ","Shogi pro: 灘蓮照",Last Name:
照剛,"てるたか","Shogi pro: 安恵照剛",First Name:
照市,"てるいち","Shogi pro: 青野照市",First Name:
熊坂,"くまさか","Shogi pro: 熊坂学",Last Name:
熊谷,"くまがい","Shogi pro: 熊谷達人",Last Name:
熊雄,"くまお","Shogi pro: 大崎熊雄",First Name:
爽悦,"そうえつ","Shogi pro: 本間爽悦",First Name:
片上,"かたがみ","Shogi pro: 片上大輔",Last Name:
牧野,"まきの","Shogi pro: 牧野光則",Last Name:
狩山,"かりやま","Shogi pro: 狩山幹生",Last Name:
猛,"たけし","Shogi pro: 川上猛, 藤井猛",First Name:
理子,"りこ","Shogi pro: 森本理子",First Name:
理絵子,"りえこ","Shogi pro: 矢内理絵子",First Name:
環那,"かんな","Shogi pro: 鈴木環那",First Name:
田中,"たなか","Shogi pro: 田中寅彦, 田中悠一, 田中沙紀, 田中魁秀",Last Name:
田丸,"たまる","Shogi pro: 田丸昇",Last Name:
田村,"たむら","Shogi pro: 田村康介",Last Name:
田辺,"たなべ","Shogi pro: 田辺一郎",Last Name:
由紀,"ゆき","Shogi pro: 室谷由紀",First Name:
甲斐,"かい","Shogi pro: 甲斐智美",Last Name:
畝,"うね","Shogi pro: 畝美与吉",Last Name:
畠山,"はたけやま","Shogi pro: 畠山成幸, 畠山鎮",Last Name:
直哉,"なおや","Shogi pro: 藤原直哉",First Name:
直嗣,"ただし","Shogi pro: 大石直嗣",First Name:
直子,"なおこ","Shogi pro: 林葉直子",First Name:
直希,"なおき","Shogi pro: 小山直希",First Name:
直裕,"なおひろ","Shogi pro: 石田直裕",First Name:
相川,"あいかわ","Shogi pro: 相川春香",Last Name:
看佐,"かんさ","Shogi pro: 伊藤看佐",First Name:
看寿,"かんじゅ","Shogi pro: 伊藤看寿",First Name:
看恕,"かんじょ","Shogi pro: 伊藤看恕",First Name:
看理,"かんり","Shogi pro: 伊藤看理",First Name:
眞吾,"しんご","Shogi pro: 平藤眞吾",First Name:
真,"まこと","Shogi pro: 中座真",First Name:
真一,"しんいち","Shogi pro: 村上真一",First Name:
真也,"しにゃ","Shogi pro: 山本真也",First Name:
真吾,"しんご","Shogi pro: 伊藤真吾, 澤田真吾",First Name:
真央,"まお","Shogi pro: 伊藤真央",First Name:
真帆,"まほ","Shogi pro: 礒谷真帆",First Name:
真彦,"まさひこ","Shogi pro: 浦野真彦",First Name:
真梨花,"まりか","Shogi pro: 中村真梨花",First Name:
真理,"まり","Shogi pro: 植村真理",First Name:
真田,"さなだ","Shogi pro: 真田圭一, 真田彩子",Last Name:
真由美,"まゆみ","Shogi pro: 神田真由美",First Name:
真部,"まなべ","Shogi pro: 真部一男",Last Name:
真隆,"まさたか","Shogi pro: 郷田真隆",First Name:
睦美,"むつみ","Shogi pro: 福崎睦美",First Name:
矢倉,"やぐら","Shogi pro: 矢倉規広",Last Name:
矢内,"やうち","Shogi pro: 矢内理絵子",Last Name:
知子,"ともこ","Shogi pro: 久津知子",First Name:
知宙,"ちひろ","Shogi pro: 崎原知宙",First Name:
石井,"いしい","Shogi pro: 石井健太郎, 石井秀吉",Last Name:
石川,"いしかわ","Shogi pro: 石川優太, 石川陽生",Last Name:
石本,"いしもと","Shogi pro: 石本さくら",Last Name:
石橋,"いしばし","Shogi pro: 石橋幸緒",Last Name:
石田,"いしだ","Shogi pro: 石田和雄, 石田直裕",Last Name:
石高,"いしたか","Shogi pro: 石高澄恵",Last Name:
砂原,"すなはら","Shogi pro: 砂原奏",Last Name:
磯谷,"いそや","Shogi pro: 磯谷祐維",Last Name:
礒谷,"いそたに","Shogi pro: 礒谷真帆",Last Name:
礼衣,"れい","Shogi pro: 武富礼衣",First Name:
祐三,"ゆうぞう","Shogi pro: 丸田祐三",First Name:
祐介,"ゆうすけ","Shogi pro: 伊奈祐介",First Name:
祐司,"ゆうじ","Shogi pro: 前田祐司",First Name:
祐紀,"ひろき","Shogi pro: 飯塚祐紀",First Name:
祐維,"ゆい","Shogi pro: 磯谷祐維",First Name:
神吉,"かんき","Shogi pro: 神吉宏充",Last Name:
神崎,"かんざき","Shogi pro: 神崎健二",Last Name:
神田,"かんだ","Shogi pro: 神田真由美, 神田辰之助, 神田鎮雄",Last Name:
神谷,"かみや","Shogi pro: 神谷広志",Last Name:
禎一,"さだかず","Shogi pro: 鈴木禎一",First Name:
福島,"ふくしま","Shogi pro: 福島順喜",Last Name:
福崎,"ふくさき","Shogi pro: 福崎文吾, 福崎睦美",Last Name:
福間,"ふくま","Shogi pro: 福間香奈",Last Name:
秀光,"ひでみつ","Shogi pro: 森安秀光",First Name:
秀史,"しゅうじ","Shogi pro: 村中秀史",First Name:
秀司,"しゅうじ","Shogi pro: 佐藤秀司",First Name:
秀吉,"ひでよし","Shogi pro: 石井秀吉",First Name:
秀治郎,"ひでじろう","Shogi pro: 北村秀治郎",First Name:
秀行,"ひでゆき","Shogi pro: 高野秀行",First Name:
稀良莉,"きらり","Shogi pro: 山口稀良莉",First Name:
稲葉,"いなば","Shogi pro: 稲葉陽",Last Name:
窪田,"くぼた","Shogi pro: 窪田義行",Last Name:
竜也,"たつや","Shogi pro: 菅井竜也",First Name:
竜馬,"りゅうま","Shogi pro: 都成竜馬",First Name:
章人,"あきひと","Shogi pro: 広瀬章人",First Name:
章道,"しょうどう","Shogi pro: 中田章道",First Name:
竹俣,"たけまた","Shogi pro: 竹俣紅",Last Name:
竹内,"たけうち","Shogi pro: 竹内優月, 竹内雄悟",Last Name:
竹部,"たけべ","Shogi pro: 竹部さゆり",Last Name:
算砂,"さんさ","Shogi pro: 本因坊算砂",First Name:
米長,"よねなが","Shogi pro: 米長邦雄",Last Name:
糸谷,"いとだに","Shogi pro: 糸谷哲郎",Last Name:
紀代子,"きよこ","Shogi pro: 関根紀代子",First Name:
紀子,"のりこ","Shogi pro: 寺下紀子",First Name:
紅,"べに","Shogi pro: 竹俣紅",First Name:
純一,"じゅんいち","Shogi pro: 加瀬純一, 間宮純一",First Name:
紗希,"さき","Shogi pro: 宮澤紗希",First Name:
紫野,"しの","Shogi pro: 宮宗紫野",First Name:
紳哉,"しにゃ","Shogi pro: 佐藤紳哉",First Name:
結李愛,"ゆりあ","Shogi pro: 加藤結李愛",First Name:
絢,"あや","Shogi pro: 今井絢",First Name:
絵美菜,"えみな","Shogi pro: 山口絵美菜",First Name:
綾,"あや","Shogi pro: 藤田綾",First Name:
綾華,"あやか","Shogi pro: 大島綾華",First Name:
総子,"ふさこ","Shogi pro: 安食総子",First Name:
繁一,"しげかず","Shogi pro: 南口繁一",First Name:
美与吉,"みよきち","Shogi pro: 畝美与吉",First Name:
美夏,"みか","Shogi pro: 大庭美夏",First Name:
美帆子,"みほこ","Shogi pro: 岩佐美帆子",First Name:
美樹,"みき","Shogi pro: 大庭美樹",First Name:
美琴,"みこと","Shogi pro: 梅津美琴",First Name:
美礼,"みれい","Shogi pro: 鎌田美礼",First Name:
義則,"よしのり","Shogi pro: 佐藤義則",First Name:
義夫,"よしお","Shogi pro: 藤川義夫",First Name:
義徳,"よしのり","Shogi pro: 木村義徳",First Name:
義行,"よしゆき","Shogi pro: 窪田義行",First Name:
義雄,"よしお","Shogi pro: 井上義雄, 木村義雄",First Name:
羽生,"はぶ","Shogi pro: 羽生善治",Last Name:
翔吾,"しょうご","Shogi pro: 折田翔吾",First Name:
翔太,"しょうた","Shogi pro: 千田翔太",First Name:
翔子,"しょうこ","Shogi pro: 久保翔子",First Name:
聖,"さとし","Shogi pro: 村山聖",First Name:
聡太,"そうた","Shogi pro: 藤井聡太",First Name:
能,"のう","Shogi pro: 伊藤能",First Name:
脇,"わき","Shogi pro: 脇謙二",Last Name:
脇田,"わきた","Shogi pro: 脇田菜々子",Last Name:
舞琳,"まりん","Shogi pro: 松下舞琳",First Name:
船戸,"ふなと","Shogi pro: 船戸陽子",Last Name:
船江,"ふなえ","Shogi pro: 船江恒平",Last Name:
良生,"よしたか","Shogi pro: 星野良生",First Name:
花村,"はなむら","Shogi pro: 花村元司",Last Name:
花田,"はなだ","Shogi pro: 花田長太郎",Last Name:
芳一,"よしかず","Shogi pro: 南芳一",First Name:
芳也,"よしなり","Shogi pro: 永作芳也",First Name:
芳人,"よしと","Shogi pro: 有野芳人",First Name:
芹沢,"せりざわ","Shogi pro: 芹沢博文",Last Name:
若松,"わかまつ","Shogi pro: 若松政和",Last Name:
若武,"わかむ","Shogi pro: 出口若武",First Name:
英二,"えいじ","Shogi pro: 大原英二",First Name:
英作,"えいさく","Shogi pro: 富岡英作",First Name:
英夫,"ひでお","Shogi pro: 山口英夫",First Name:
茂,"しげる","Shogi pro: 関根茂",First Name:
茂役,"しげゆき","Shogi pro: 松田茂役",First Name:
荒巻,"あらまき","Shogi pro: 荒巻三之",Last Name:
菅井,"すがい","Shogi pro: 菅井竜也",Last Name:
菊地,"きくち","Shogi pro: 菊地常夫",Last Name:
菊女,"きく","Shogi pro: 池田菊女",First Name:
菜吟,"なな","Shogi pro: 榊菜吟",First Name:
菜々子,"ななこ","Shogi pro: 脇田菜々子",First Name:
萩原,"はぎわら","Shogi pro: 萩原淳",Last Name:
蓮照,"れんしょう","Shogi pro: 灘蓮照",First Name:
藤井,"ふじい","Shogi pro: 藤井奈々, 藤井猛, 藤井聡太",Last Name:
藤倉,"ふじくら","Shogi pro: 藤倉勇樹",Last Name:
藤内,"ふじうち","Shogi pro: 藤内金吾",Last Name:
藤原,"ふじわら","Shogi pro: 藤原直哉",Last Name:
藤川,"ふじかわ","Shogi pro: 藤川義夫",Last Name:
藤本,"ふじもと","Shogi pro: 藤本渚",Last Name:
藤森,"ふじもり","Shogi pro: 藤森哲也, 藤森奈津子",Last Name:
藤田,"ふじた","Shogi pro: 藤田綾, 藤田麻衣子",Last Name:
虎次,"とらつぐ","Shogi pro: 野本虎次",First Name:
蛸島,"たこじま","Shogi pro: 蛸島彰子",Last Name:
行方,"なめかた","Shogi pro: 行方尚史",Last Name:
行男,"ゆきお","Shogi pro: 京須行男",First Name:
裕也,"ゆうや","Shogi pro: 長岡裕也, 齊藤裕也",First Name:
裕司,"ゆうじ","Shogi pro: 増田裕司",First Name:
裕和,"ひろかず","Shogi pro: 上野裕和",First Name:
裕士,"ひろし","Shogi pro: 小林裕士",First Name:
裕寿,"ひろとし","Shogi pro: 上野裕寿",First Name:
西尾,"にしお","Shogi pro: 西尾明",Last Name:
西山,"にしやま","Shogi pro: 西山朋佳",Last Name:
西川,"にしかわ","Shogi pro: 西川和宏, 西川慶二",Last Name:
西本,"にしもと","Shogi pro: 西本馨",Last Name:
西村,"にしむら","Shogi pro: 西村一義",Last Name:
西田,"にしだ","Shogi pro: 西田拓也",Last Name:
規広,"のりひろ","Shogi pro: 矢倉規広",First Name:
角田,"かくた","Shogi pro: 角田三男",Last Name:
誠,"まこと","Shogi pro: 中原誠, 戸辺誠",First Name:
誠一郎,"せいいちろう","Shogi pro: 滝誠一郎",First Name:
誠也,"せいや","Shogi pro: 冨田誠也, 近藤誠也",First Name:
謙二,"けんじ","Shogi pro: 脇謙二",First Name:
谷合,"たにあい","Shogi pro: 谷合廣紀",Last Name:
谷川,"たにかわ,たにがわ","Shogi pro: 谷川治恵, 谷川浩司",Last Name:
谷頭,"やとう","Shogi pro: 谷頭喜祐",Last Name:
豊,"ゆたか","Shogi pro: 佐藤豊",First Name:
豊一,"とよいち","Shogi pro: 五十嵐豊一",First Name:
豊島,"とよしま","Shogi pro: 豊島将之",Last Name:
豊川,"とよかわ","Shogi pro: 豊川孝弘",Last Name:
貞升,"さだます","Shogi pro: 貞升南",Last Name:
貴一,"きいち","Shogi pro: 木川貴一",First Name:
貴洸,"たかひろ","Shogi pro: 大橋貴洸",First Name:
賀集,"かしゅう","Shogi pro: 賀集正三",Last Name:
輝彦,"てるひこ","Shogi pro: 鈴木輝彦",First Name:
辰之助,"たつのすけ","Shogi pro: 神田辰之助",First Name:
辰雄,"たつお","Shogi pro: 松田辰雄",First Name:
近藤,"こんどう","Shogi pro: 近藤正和, 近藤誠也",Last Name:
進,"すすむ","Shogi pro: 板谷進",First Name:
道夫,"みちお","Shogi pro: 有吉道夫",First Name:
道美,"みちよし","Shogi pro: 山田道美",First Name:
道雄,"みちお","Shogi pro: 高橋道雄",First Name:
達,"たち","Shogi pro: 達正光",Last Name:
達也,"たつや","Shogi pro: 三枚堂達也, 二上達也",First Name:
達人,"みちひと","Shogi pro: 熊谷達人",First Name:
遠山,"とうやま","Shogi pro: 遠山雄亮",Last Name:
邦雄,"くにお","Shogi pro: 米長邦雄",First Name:
郷田,"ごうだ","Shogi pro: 郷田真隆",Last Name:
都成,"となり","Shogi pro: 都成竜馬",Last Name:
酒井,"さかい","Shogi pro: 酒井順吉",Last Name:
里子,"さとこ","Shogi pro: 杉崎里子",First Name:
野原,"のはら","Shogi pro: 野原未蘭",Last Name:
野月,"のずき","Shogi pro: 野月浩貴",Last Name:
野本,"のもと","Shogi pro: 野本虎次",Last Name:
野村,"のむら","Shogi pro: 野村慶虎",Last Name:
野田,"のだ","Shogi pro: 野田敬三",Last Name:
野田澤,"のださわ","Shogi pro: 野田澤彩乃",Last Name:
金,"こん","Shogi pro: 金易二郎",Last Name:
金五郎,"きんごろう","Shogi pro: 伊藤金五郎, 金子金五郎",First Name:
金井,"かない","Shogi pro: 金井恒太",Last Name:
金司,"きんじ","Shogi pro: 椎橋金司",First Name:
金吾,"きんご","Shogi pro: 藤内金吾",First Name:
金子,"かねこ","Shogi pro: 金子金五郎",Last Name:
金次郎,"きんじろう","Shogi pro: 関根金次郎",First Name:
金沢,"かねざわ","Shogi pro: 金沢孝史",Last Name:
金治郎,"きんじろう","Shogi pro: 木見金治郎",First Name:
金高,"かねたか","Shogi pro: 金高清吉",Last Name:
鈴木,"すずき","Shogi pro: 鈴木大介, 鈴木環那, 鈴木禎一, 鈴木輝彦",Last Name:
銀次郎,"ぎんじろう","Shogi pro: 斎藤銀次郎",First Name:
鎌田,"かまだ","Shogi pro: 鎌田美礼",Last Name:
鎮,"まもる","Shogi pro: 畠山鎮",First Name:
鎮雄,"しずお","Shogi pro: 神田鎮雄",First Name:
長太郎,"ちょうたろう","Shogi pro: 花田長太郎",First Name:
長岡,"ながおか","Shogi pro: 長岡裕也",Last Name:
長沢,"ながさわ","Shogi pro: 長沢千和子",Last Name:
長沼,"ながぬま","Shogi pro: 長沼洋",Last Name:
長谷川,"はせがわ","Shogi pro: 長谷川優貴, 長谷川清二郎",Last Name:
長谷部,"はせべ","Shogi pro: 長谷部久雄, 長谷部浩平",Last Name:
門倉,"かどくら","Shogi pro: 門倉啓太",Last Name:
間宮,"まみや","Shogi pro: 間宮純一",Last Name:
関,"せき","Shogi pro: 関浩",Last Name:
関三郎,"せきさぶろう","Shogi pro: 宮松関三郎",First Name:
関口,"せきぐち","Shogi pro: 関口慎吾",Last Name:
関屋,"せきや","Shogi pro: 関屋喜代作",Last Name:
関根,"せきね","Shogi pro: 関根紀代子, 関根茂, 関根金次郎",Last Name:
阪口,"さかぐち","Shogi pro: 阪口悟",Last Name:
阿久津,"あくつ","Shogi pro: 阿久津主税",Last Name:
阿部,"あべ","Shogi pro: 阿部健治郎, 阿部光瑠, 阿部隆",Last Name:
陽,"あきら","Shogi pro: 稲葉陽",First Name:
陽一,"よういち","Shogi pro: 櫛田陽一",First Name:
陽子,"ようこ","Shogi pro: 船戸陽子",First Name:
陽生,"あきお","Shogi pro: 石川陽生",First Name:
隆,"たかし","Shogi pro: 阿部隆",First Name:
隆一,"りゅういち","Shogi pro: 松浦隆一",First Name:
隆之,"たかゆき","Shogi pro: 山崎隆之",First Name:
隼平,"じゅんぺい","Shogi pro: 井出隼平",First Name:
雄亮,"ゆうすけ","Shogi pro: 遠山雄亮",First Name:
雄悟,"ゆうご","Shogi pro: 竹内雄悟",First Name:
雅信,"まさのぶ","Shogi pro: 小泉雅信",First Name:
雅雄,"まさお","Shogi pro: 斎藤雅雄",First Name:
雞二,"けいじ","Shogi pro: 森雞二",First Name:
青嶋,"あおしま","Shogi pro: 青嶋未来",Last Name:
青木,"あおき","Shogi pro: 青木清",Last Name:
青野,"あおの","Shogi pro: 青野照市",Last Name:
静男,"しずお","Shogi pro: 清野静男",First Name:
順吉,"じゅんきち","Shogi pro: 酒井順吉",First Name:
順喜,"じゅんき","Shogi pro: 福島順喜",First Name:
頼本,"よりもと","Shogi pro: 頼本奈菜",Last Name:
顕弘,"あきひろ","Shogi pro: 村田顕弘",First Name:
飯塚,"いいずか","Shogi pro: 飯塚勘一郎, 飯塚祐紀",Last Name:
飯島,"いいじま","Shogi pro: 飯島栄治",Last Name:
飯田,"いいだ","Shogi pro: 飯田弘之",Last Name:
飯野,"いいの","Shogi pro: 飯野健二, 飯野愛",Last Name:
香奈,"かな","Shogi pro: 福間香奈",First Name:
香川,"かがわ","Shogi pro: 香川愛生",Last Name:
香織,"かおり","Shogi pro: 上川香織",First Name:
香菜子,"かなこ","Shogi pro: 坂東香菜子",First Name:
馨,"かおる","Shogi pro: 西本馨",First Name:
高島,"たかしま","Shogi pro: 高島一岐代, 高島弘光",Last Name:
高崎,"たかざき","Shogi pro: 高崎一生",Last Name:
高柳,"たかやなぎ","Shogi pro: 高柳敏夫",Last Name:
高橋,"たかはし","Shogi pro: 高橋佑二郎, 高橋和, 高橋道雄",Last Name:
高浜,"たかはま","Shogi pro: 高浜愛子",Last Name:
高田,"たかだ","Shogi pro: 高田丈資, 高田尚平, 高田明浩",Last Name:
高群,"たかむれ","Shogi pro: 高群佐知子",Last Name:
高見,"たかみ","Shogi pro: 高見泰地",Last Name:
高野,"たかの","Shogi pro: 高野智史, 高野秀行",Last Name:
魁秀,"かいしゅう","Shogi pro: 田中魁秀",First Name:
鹿野,"かの","Shogi pro: 鹿野圭生",Last Name:
麻衣子,"まいこ","Shogi pro: 藤田麻衣子",First Name:
黒沢,"くろさわ","Shogi pro: 黒沢怜生",Last Name:
黒田,"くろだ","Shogi pro: 黒田尭之",Last Name:
齊藤,"さいとう","Shogi pro: 齊藤裕也",Last Name: